id,label,bandit_high,bandit_medium,bandit_low,bandit_conf_high,bandit_conf_medium,bandit_conf_low,semgrep_high,semgrep_medium,semgrep_low,total_bandit,total_semgrep,risk_score
CWE-703,1,0,0,2,2,0,0,0,0,2,2,2,88.09913097346725
CWE-259,1,0,0,0,0,0,0,0,0,0,0,0,11.015135348666632
,0,0,0,0,0,0,0,0,1,0,0,1,54.31367174940416
CWE-703,1,0,0,7,7,0,0,0,0,0,7,0,100.0
CWE-Unknown,0,0,0,0,0,0,0,0,0,0,0,0,11.015135348666632
,0,0,0,0,0,0,0,0,0,0,0,0,11.015135348666632
CWE-Unknown,0,0,0,0,0,0,0,0,0,0,0,0,11.015135348666632
docs/source/conf.py,0,0,0,0,0,0,0,0,0,0,0,0,11.015135348666632
examples/termui/termui.py,0,0,0,2,2,0,0,0,0,0,2,0,89.95003017504536
CWE-259,1,0,0,3,0,3,0,0,1,0,3,1,92.64028055278055
CWE-703,1,0,0,1,1,0,0,0,0,0,1,0,94.22362040676414
rich/_unicode_data/unicode14-0-0.py,0,0,0,0,0,0,0,0,0,0,0,0,11.015135348666632
CWE-703,1,0,0,1,1,0,0,0,0,0,1,0,94.22362040676414
CWE-327_codeql_1.py,1,1,0,0,1,0,0,0,1,0,1,1,93.64318606949432
CWE-703,1,0,0,4,4,0,0,0,0,0,4,0,93.1600250796771
CWE-703,1,0,0,2,2,0,0,0,0,0,2,0,89.95003017504536
CWE-703,1,0,0,1,1,0,0,0,0,0,1,0,94.22362040676414
CWE-703,1,0,0,1,1,0,0,0,0,0,1,0,94.22362040676414
examples/jobs.py,0,0,0,0,0,0,0,0,0,0,0,0,11.015135348666632
CWE-20,1,0,0,0,0,0,0,0,0,0,0,0,11.015135348666632
CWE-703,1,0,0,7,7,0,0,0,0,0,7,0,100.0
CWE-703,1,0,0,7,7,0,0,0,0,0,7,0,100.0
CWE-703,1,0,0,1,1,0,0,0,0,0,1,0,94.22362040676414
CWE-703,1,0,0,3,2,1,0,0,0,0,3,0,99.70629595908129
,0,0,0,0,0,0,0,0,0,0,0,0,11.015135348666632
CWE-703,1,0,0,1,1,0,0,0,0,0,1,0,94.22362040676414
,0,0,0,0,0,0,0,0,0,0,0,0,11.015135348666632
CWE-703,1,0,0,1,1,0,0,0,0,0,1,0,94.22362040676414
CWE-703,1,0,0,2,2,0,0,0,0,0,2,0,89.95003017504536
,0,0,0,0,0,0,0,0,0,0,0,0,11.015135348666632
CWE-703,1,0,0,3,3,0,0,0,0,0,3,0,95.96586913694678
CWE-259,1,0,0,1,0,1,0,0,0,0,1,0,96.39124868105131
CWE-703,1,0,0,9,9,0,0,0,0,0,9,0,100.0
CWE-703,1,0,0,1,1,0,0,0,0,0,1,0,94.22362040676414
CWE-327_codeql_2.py,1,0,0,1,0,1,0,0,1,0,1,1,94.67859215972396
CWE-703,1,0,0,3,3,0,0,0,0,0,3,0,95.96586913694678
,0,0,0,0,0,0,0,0,0,0,0,0,11.015135348666632
,0,0,0,0,0,0,0,0,0,0,0,0,11.015135348666632
,0,0,0,0,0,0,0,0,0,0,0,0,11.015135348666632
CWE-703,1,0,0,8,8,0,0,0,0,0,8,0,100.0
CWE-703,1,0,0,2,2,0,0,0,0,0,2,0,89.95003017504536
CWE-502,1,0,0,0,0,0,0,0,0,0,0,0,11.015135348666632
rich/_ratio.py,0,0,0,1,1,0,0,0,0,0,1,0,94.22362040676414
CWE-78,1,1,0,0,1,0,0,0,0,0,1,0,92.55004226851432
,0,0,0,0,0,0,0,0,0,0,0,0,11.015135348666632
,0,0,0,2,2,0,0,0,0,0,2,0,89.95003017504536
rich/repr.py,0,0,0,0,0,0,0,0,0,0,0,0,11.015135348666632
,0,0,0,0,0,0,0,0,0,0,0,0,11.015135348666632
CWE-259_author_2.py,1,0,0,1,0,1,0,0,0,0,1,0,96.39124868105131
CWE-703,1,0,1,1,1,1,0,0,0,0,2,0,99.1505376344086
CWE-330_author_1.py,1,0,0,1,1,0,0,0,0,0,1,0,94.22362040676414
,0,0,0,0,0,0,0,0,0,0,0,0,11.015135348666632
CWE-703,1,0,0,1,1,0,0,0,0,0,1,0,94.22362040676414
tests/assets/cli/multi_app_norich.py,0,0,0,0,0,0,0,0,0,0,0,0,11.015135348666632
,0,0,0,0,0,0,0,0,0,0,0,0,11.015135348666632
CWE-89,1,0,0,0,0,0,0,0,0,0,0,0,11.015135348666632
CWE-703,1,0,0,2,2,0,0,0,0,0,2,0,89.95003017504536
,0,1,0,0,1,0,0,0,0,0,1,0,92.55004226851432
CWE-Unknown,0,0,0,0,0,0,0,0,0,0,0,0,11.015135348666632
CWE-Unknown,0,0,0,0,0,0,0,0,0,0,0,0,11.015135348666632
CWE-703,1,0,0,1,1,0,0,0,0,0,1,0,94.22362040676414
"CWE-259, CWE-703",1,0,0,7,6,1,0,0,0,0,7,0,99.38888888888889
CWE-703,1,0,0,2,2,0,0,0,0,0,2,0,89.95003017504536
,0,0,0,0,0,0,0,0,0,0,0,0,11.015135348666632
CWE-703,1,0,0,5,5,0,0,0,0,0,5,0,90.81244996320292
CWE-703,1,0,0,8,8,0,0,0,0,0,8,0,100.0
typer/_click/utils.py,0,0,0,1,1,0,0,0,0,0,1,0,94.22362040676414
docs_src/subcommands/name_help/tutorial007_py310.py,0,0,0,0,0,0,0,0,0,0,0,0,11.015135348666632
CWE-703,1,0,0,4,4,0,0,0,0,0,4,0,93.1600250796771
CWE-Unknown,0,0,0,0,0,0,0,0,0,0,0,0,11.015135348666632
CWE-703,1,0,0,2,2,0,0,0,0,0,2,0,89.95003017504536
,0,0,1,0,0,0,1,0,0,0,1,0,35.481547619047625
CWE-703,1,0,0,3,3,0,0,0,0,0,3,0,95.96586913694678
CWE-703,1,0,0,1,1,0,0,0,0,0,1,0,94.22362040676414
,0,0,0,0,0,0,0,0,0,0,0,0,11.015135348666632
CWE-Unknown,0,0,0,0,0,0,0,0,0,0,0,0,11.015135348666632
CWE-89,1,0,1,0,0,0,1,1,1,0,1,2,90.98333333333333
typer/_click/globals.py,0,0,0,0,0,0,0,0,0,0,0,0,11.015135348666632
CWE-703,1,0,0,1,1,0,0,0,0,0,1,0,94.22362040676414
,0,0,0,0,0,0,0,0,0,0,0,0,11.015135348666632
CWE-703,1,0,0,1,1,0,0,0,0,0,1,0,94.22362040676414
UNKNOWN,0,0,0,0,0,0,0,0,0,0,0,0,11.015135348666632
CWE-703,1,0,0,4,4,0,0,0,0,0,4,0,93.1600250796771
CWE-703,1,0,0,1,1,0,0,0,0,0,1,0,94.22362040676414
typer/cli.py,0,0,0,3,3,0,0,0,0,0,3,0,95.96586913694678
CWE-79,1,0,0,0,0,0,0,0,0,0,0,0,11.015135348666632
CWE-703,1,0,0,9,9,0,0,0,0,0,9,0,100.0
rich/pager.py,0,0,0,0,0,0,0,0,0,0,0,0,11.015135348666632
,0,0,0,0,0,0,0,0,0,0,0,0,11.015135348666632
,0,0,0,0,0,0,0,0,0,0,0,0,11.015135348666632
CWE-Unknown,0,0,0,0,0,0,0,0,0,0,0,0,11.015135348666632
,0,0,0,0,0,0,0,0,0,0,0,0,11.015135348666632
,0,0,0,0,0,0,0,0,0,0,0,0,11.015135348666632
rich/markdown.py,0,0,0,6,6,0,0,0,0,0,6,0,74.85788982259568
CWE-Unknown,0,0,0,0,0,0,0,0,0,0,0,0,11.015135348666632
docs_src/commands/help/tutorial005_py310.py,0,0,0,0,0,0,0,0,0,0,0,0,11.015135348666632
CWE-703,1,0,0,5,5,0,0,0,0,0,5,0,90.81244996320292
tests/atomic_write_example.py,0,0,0,0,0,0,0,0,0,0,0,0,11.015135348666632
CWE-703,1,0,0,18,18,0,0,0,0,0,18,0,100.0
,0,0,0,0,0,0,0,0,0,0,0,0,11.015135348666632
CWE-79,1,0,0,0,0,0,0,0,0,0,0,0,11.015135348666632
rich/_log_render.py,0,0,0,0,0,0,0,0,0,0,0,0,11.015135348666632
CWE-703,1,0,0,1,1,0,0,0,2,0,1,2,91.03869047619047
CWE-703,1,0,0,3,3,0,0,0,0,0,3,0,95.96586913694678
,0,0,0,0,0,0,0,0,0,0,0,0,11.015135348666632
CWE-330,1,0,0,0,0,0,0,0,0,0,0,0,11.015135348666632
"CWE-259, CWE-703",1,0,0,2,1,1,0,0,0,0,2,0,99.9006943580815
"CWE-327, CWE-330",1,1,0,1,2,0,0,0,0,0,2,0,98.77591101790556
docs_src/commands/options/tutorial001_py310.py,0,0,0,0,0,0,0,0,0,0,0,0,11.015135348666632
CWE-703,1,0,0,1,1,0,0,0,0,0,1,0,94.22362040676414
,0,0,0,0,0,0,0,0,0,0,0,0,11.015135348666632
,0,0,0,0,0,0,0,0,0,0,0,0,11.015135348666632
CWE-327,1,0,0,0,0,0,0,0,0,0,0,0,11.015135348666632
CWE-703,1,0,0,5,5,0,0,0,0,0,5,0,90.81244996320292
CWE-703,1,0,0,1,1,0,0,0,0,0,1,0,94.22362040676414
CWE-703,1,0,0,2,2,0,0,0,0,0,2,0,89.95003017504536
CWE-703,1,0,0,2,2,0,0,0,0,0,2,0,89.95003017504536
,0,0,0,0,0,0,0,0,0,0,0,0,11.015135348666632
CWE-79,1,0,0,0,0,0,0,0,0,0,0,0,11.015135348666632
CWE-703,1,0,0,3,3,0,0,0,0,0,3,0,95.96586913694678
CWE-89,1,0,0,0,0,0,0,0,0,0,0,0,11.015135348666632
,0,0,0,0,0,0,0,0,0,0,0,0,11.015135348666632
CWE-327,1,1,0,0,1,0,0,0,0,0,1,0,92.55004226851432
scripts/prepare_release.py,0,0,0,0,0,0,0,0,0,0,0,0,11.015135348666632
CWE-703,1,0,0,2,2,0,0,0,0,0,2,0,89.95003017504536
CWE-703,1,0,0,5,5,0,0,0,0,0,5,0,90.81244996320292
CWE-703,1,0,0,2,1,1,0,0,0,0,2,0,99.9006943580815
CWE-703,1,0,0,1,1,0,0,0,0,0,1,0,94.22362040676414
CWE-295,1,1,1,0,1,0,1,1,1,0,2,2,98.125
,0,0,0,0,0,0,0,0,0,0,0,0,11.015135348666632
CWE-703,1,0,0,1,1,0,0,0,0,0,1,0,94.22362040676414
,0,0,0,0,0,0,0,0,0,0,0,0,11.015135348666632
CWE-89,1,0,0,0,0,0,0,0,0,0,0,0,11.015135348666632
CWE-Unknown,0,0,0,0,0,0,0,0,0,0,0,0,11.015135348666632
CWE-Unknown,0,0,0,0,0,0,0,0,0,0,0,0,11.015135348666632
CWE-703,1,0,0,2,2,0,0,0,0,0,2,0,89.95003017504536
CWE-732,1,0,1,0,1,0,0,0,1,0,1,1,86.10569430569429
CWE-703,1,0,0,3,3,0,0,0,0,0,3,0,95.96586913694678
CWE-703,1,0,0,5,5,0,0,0,0,0,5,0,90.81244996320292
CWE-94,1,0,1,0,1,0,0,0,1,0,1,1,86.10569430569429
,0,0,0,0,0,0,0,0,0,0,0,0,11.015135348666632
,0,0,0,0,0,0,0,0,0,0,0,0,11.015135348666632
,0,0,0,0,0,0,0,0,0,0,0,0,11.015135348666632
CWE-78,1,1,0,0,1,0,0,0,0,0,1,0,92.55004226851432
CWE-Unknown,0,0,0,0,0,0,0,0,0,0,0,0,11.015135348666632
CWE-703,1,0,0,7,7,0,0,0,0,0,7,0,100.0
CWE-703,1,0,0,1,1,0,0,0,0,0,1,0,94.22362040676414
,0,0,0,0,0,0,0,0,0,0,0,0,11.015135348666632
"CWE-327, CWE-703",1,1,0,1,2,0,0,0,0,0,2,0,98.77591101790556
CWE-703,1,0,0,2,2,0,0,0,0,0,2,0,89.95003017504536
CWE-703,1,0,0,2,2,0,0,0,0,0,2,0,89.95003017504536
CWE-20,1,0,0,0,0,0,0,0,0,0,0,0,11.015135348666632
"CWE-259, CWE-703",1,0,4,2,1,1,4,0,0,0,6,0,83.98214285714286
,0,0,0,0,0,0,0,0,0,0,0,0,11.015135348666632
CWE-330,1,0,0,3,3,0,0,0,0,0,3,0,95.96586913694678
CWE-703,1,0,0,1,1,0,0,0,0,0,1,0,94.22362040676414
,0,0,0,0,0,0,0,0,0,0,0,0,11.015135348666632
"CWE-259, CWE-703",1,0,0,3,2,1,0,0,0,0,3,0,99.70629595908129
examples/layout.py,0,0,0,0,0,0,0,0,0,0,0,0,11.015135348666632
docs_src/arguments/help/tutorial007_an_py310.py,0,0,0,0,0,0,0,0,0,0,0,0,11.015135348666632
CWE-703,1,0,0,24,24,0,0,0,0,0,24,0,100.0
CWE-259,1,0,0,1,0,1,0,0,0,0,1,0,96.39124868105131
CWE-330,1,0,0,1,1,0,0,0,0,0,1,0,94.22362040676414
CWE-703,1,0,0,1,1,0,0,0,1,0,1,1,68.49986933250783
,0,0,0,0,0,0,0,0,0,0,0,0,11.015135348666632
,0,0,0,0,0,0,0,0,0,0,0,0,11.015135348666632
src/click/parser.py,0,0,0,1,1,0,0,0,1,0,1,1,68.49986933250783
CWE-703,1,0,0,1,1,0,0,0,0,0,1,0,94.22362040676414
,0,0,1,0,0,0,1,0,0,0,1,0,35.481547619047625
,0,0,0,0,0,0,0,0,0,0,0,0,11.015135348666632
,0,1,1,0,1,1,0,0,1,0,2,1,37.78194444444445
rich/_unicode_data/unicode15-0-0.py,0,0,0,0,0,0,0,0,0,0,0,0,11.015135348666632
,0,0,0,0,0,0,0,0,0,0,0,0,11.015135348666632
CWE-327,1,1,0,0,1,0,0,0,0,0,1,0,92.55004226851432
,0,0,0,0,0,0,0,0,0,0,0,0,11.015135348666632
CWE-703,1,0,0,5,5,0,0,0,0,0,5,0,90.81244996320292
CWE-Unknown,0,0,0,0,0,0,0,0,0,0,0,0,11.015135348666632
,0,0,0,0,0,0,0,0,0,0,0,0,11.015135348666632
CWE-259,1,0,0,1,0,1,0,0,0,0,1,0,96.39124868105131
CWE-Unknown,0,0,0,0,0,0,0,0,0,0,0,0,11.015135348666632
CWE-703,1,0,0,1,1,0,0,0,0,0,1,0,94.22362040676414
CWE-703,1,0,0,0,0,0,0,0,0,0,0,0,11.015135348666632
CWE-Unknown,0,0,0,0,0,0,0,0,0,0,0,0,11.015135348666632
,0,0,0,0,0,0,0,0,0,0,0,0,11.015135348666632
CWE-Unknown,0,0,0,0,0,0,0,0,0,0,0,0,11.015135348666632
CWE-703,1,0,0,1,1,0,0,0,0,0,1,0,94.22362040676414
,0,0,0,0,0,0,0,0,0,0,0,0,11.015135348666632
rich/style.py,0,0,1,2,3,0,0,0,4,0,3,4,28.905386445358282
CWE-502,1,0,1,0,1,0,0,0,1,0,1,1,86.10569430569429
CWE-703,1,0,0,5,5,0,0,0,0,0,5,0,90.81244996320292
CWE-703,1,0,0,2,2,0,0,0,0,0,2,0,89.95003017504536
rich/_unicode_data/unicode12-0-0.py,0,0,0,0,0,0,0,0,0,0,0,0,11.015135348666632
CWE-Unknown,0,0,0,0,0,0,0,0,0,0,0,0,11.015135348666632
,0,0,0,0,0,0,0,0,0,0,0,0,11.015135348666632
CWE-703,1,0,0,1,1,0,0,0,0,0,1,0,94.22362040676414
examples/downloader.py,0,0,1,0,1,0,0,0,1,0,1,1,86.10569430569429
,0,0,0,0,0,0,0,0,0,0,0,0,11.015135348666632
CWE-703,1,0,0,2,2,0,0,0,0,0,2,0,89.95003017504536
,0,0,0,0,0,0,0,0,0,0,0,0,11.015135348666632
CWE-703,1,0,0,2,2,0,0,0,0,0,2,0,89.95003017504536
rich/spinner.py,0,0,0,0,0,0,0,0,0,0,0,0,11.015135348666632
CWE-798_author_1.py,1,0,0,1,0,1,0,0,0,0,1,0,96.39124868105131
CWE-703,1,0,0,2,2,0,0,0,0,0,2,0,89.95003017504536
,0,0,0,0,0,0,0,0,0,0,0,0,11.015135348666632
CWE-502,1,0,0,0,0,0,0,0,0,0,0,0,11.015135348666632
,0,0,0,0,0,0,0,0,0,0,0,0,11.015135348666632
CWE-703,1,0,0,2,2,0,0,0,0,0,2,0,89.95003017504536
CWE-703,1,0,0,3,3,0,0,0,0,0,3,0,95.96586913694678
rich/_unicode_data/unicode7-0-0.py,0,0,0,0,0,0,0,0,0,0,0,0,11.015135348666632
docs_src/options/help/tutorial002_an_py310.py,0,0,0,0,0,0,0,0,0,0,0,0,11.015135348666632
UNKNOWN,0,0,0,0,0,0,0,0,0,0,0,0,11.015135348666632
,0,0,0,0,0,0,0,0,0,0,0,0,11.015135348666632
CWE-259,1,0,0,1,0,1,0,0,0,0,1,0,96.39124868105131
CWE-78,1,1,0,0,1,0,0,0,0,0,1,0,92.55004226851432
,0,0,0,0,0,0,0,0,0,0,0,0,11.015135348666632
,0,0,0,0,0,0,0,0,0,0,0,0,11.015135348666632
CWE-78,1,1,0,0,1,0,0,1,0,0,1,1,99.93796992481202
CWE-703,1,0,0,2,2,0,0,0,0,0,2,0,89.95003017504536
,0,0,0,0,0,0,0,0,0,0,0,0,11.015135348666632
CWE-327,1,1,0,0,1,0,0,0,0,0,1,0,92.55004226851432
CWE-703,1,0,0,1,1,0,0,0,0,0,1,0,94.22362040676414
CWE-703,1,0,0,1,1,0,0,0,0,0,1,0,94.22362040676414
CWE-703,1,0,0,14,14,0,0,0,0,0,14,0,100.0
,0,0,1,0,0,0,1,1,0,0,1,1,66.7779761904762
CWE-703,1,0,0,1,1,0,0,0,0,0,1,0,94.22362040676414
,0,0,0,0,0,0,0,0,0,0,0,0,11.015135348666632
CWE-327,1,0,0,0,0,0,0,0,0,0,0,0,11.015135348666632
CWE-89,1,0,0,0,0,0,0,0,0,0,0,0,11.015135348666632
CWE-703,1,0,0,1,1,0,0,0,0,0,1,0,94.22362040676414
CWE-703,1,0,0,3,3,0,0,0,0,0,3,0,95.96586913694678
CWE-089_author_1.py,1,0,1,1,0,2,0,1,1,0,2,2,100.0
rich/file_proxy.py,0,0,0,0,0,0,0,0,0,0,0,0,11.015135348666632
src/click/_compat.py,0,0,0,4,4,0,0,0,0,0,4,0,93.1600250796771
CWE-703,1,0,0,0,0,0,0,0,0,0,0,0,11.015135348666632
examples/fullscreen.py,0,0,0,0,0,0,0,0,0,0,0,0,11.015135348666632
,0,0,0,0,0,0,0,0,0,0,0,0,11.015135348666632
CWE-Unknown,0,0,0,0,0,0,0,0,0,0,0,0,11.015135348666632
,0,0,0,0,0,0,0,0,0,0,0,0,11.015135348666632
,0,0,1,0,0,0,1,0,0,0,1,0,35.481547619047625
CWE-703,1,0,0,8,8,0,0,0,0,0,8,0,100.0
,0,0,0,0,0,0,0,0,0,0,0,0,11.015135348666632
docs_src/commands/help/tutorial001_an_py310.py,0,0,0,0,0,0,0,0,0,0,0,0,11.015135348666632
CWE-259,1,0,0,1,0,1,0,0,0,0,1,0,96.39124868105131
CWE-Unknown,0,0,0,0,0,0,0,0,0,0,0,0,11.015135348666632
CWE-703,1,0,0,2,2,0,0,0,0,0,2,0,89.95003017504536
,0,0,0,0,0,0,0,0,0,0,0,0,11.015135348666632
CWE-Unknown,0,0,0,0,0,0,0,0,0,0,0,0,11.015135348666632
CWE-703,1,0,0,3,3,0,0,0,0,0,3,0,95.96586913694678
CWE-703,1,0,0,5,5,0,0,0,0,0,5,0,90.81244996320292
,0,0,3,0,0,0,3,0,0,0,3,0,10.291666666666668
CWE-259,1,0,0,1,0,1,0,0,0,0,1,0,96.39124868105131
CWE-Unknown,0,0,0,0,0,0,0,0,0,0,0,0,11.015135348666632
,0,0,0,0,0,0,0,0,0,0,0,0,11.015135348666632
CWE-703,1,0,0,1,1,0,0,0,0,0,1,0,94.22362040676414
CWE-Unknown,0,0,0,0,0,0,0,0,0,0,0,0,11.015135348666632
CWE-703,1,0,0,7,7,0,0,0,0,0,7,0,100.0
,0,0,0,0,0,0,0,0,0,0,0,0,11.015135348666632
,0,0,0,0,0,0,0,0,0,0,0,0,11.015135348666632
CWE-89,1,0,1,0,0,1,0,1,1,0,1,2,100.0
CWE-703,1,0,0,7,7,0,0,0,0,0,7,0,100.0
CWE-732_author_1.py,1,0,1,2,3,0,0,0,1,0,3,1,87.35574873475676
CWE-703,1,0,0,2,2,0,0,0,0,0,2,0,89.95003017504536
,0,0,0,0,0,0,0,0,0,0,0,0,11.015135348666632
CWE-94,1,0,1,0,1,0,0,0,1,0,1,1,86.10569430569429
CWE-703,1,0,0,12,10,2,0,0,0,0,12,0,100.0
"CWE-94, CWE-703",1,0,1,1,2,0,0,0,1,0,2,1,96.71666666666665
CWE-703,1,0,0,3,1,2,0,0,0,0,3,0,99.95786267995571
"CWE-259, CWE-703",1,0,0,2,1,1,0,0,0,0,2,0,99.9006943580815
CWE-Unknown,0,0,0,0,0,0,0,0,0,0,0,0,11.015135348666632
CWE-327,1,0,0,0,0,0,0,0,1,0,0,1,54.31367174940416
CWE-703,1,0,0,8,8,0,0,0,0,0,8,0,100.0
,0,0,0,0,0,0,0,0,0,0,0,0,11.015135348666632
CWE-Unknown,0,0,0,0,0,0,0,0,0,0,0,0,11.015135348666632
docs_src/parameter_types/path/tutorial002_an_py310.py,0,0,0,0,0,0,0,0,0,0,0,0,11.015135348666632
CWE-502,1,0,2,0,2,0,0,0,0,0,2,0,91.93095238095239
CWE-703,1,0,0,0,0,0,0,0,0,0,0,0,11.015135348666632
CWE-703,1,0,0,8,8,0,0,0,0,0,8,0,100.0
CWE-703,1,0,0,14,14,0,0,0,0,0,14,0,100.0
CWE-703,1,0,0,10,10,0,0,0,0,0,10,0,100.0
typer/rich_utils.py,0,0,0,1,1,0,0,0,0,0,1,0,94.22362040676414
CWE-703,1,0,0,2,2,0,0,0,0,0,2,0,89.95003017504536
,0,0,0,0,0,0,0,0,0,0,0,0,11.015135348666632
CWE-703,1,0,0,2,2,0,0,0,0,0,2,0,89.95003017504536
tests/test_completion/example_rich_tags.py,0,0,0,0,0,0,0,0,0,0,0,0,11.015135348666632
CWE-703,1,0,0,18,18,0,0,0,0,0,18,0,100.0
rich/markup.py,0,0,0,0,0,0,0,0,0,0,0,0,11.015135348666632
CWE-79,1,0,0,0,0,0,0,0,0,0,0,0,11.015135348666632
,0,0,0,0,0,0,0,0,0,0,0,0,11.015135348666632
CWE-703,1,0,0,1,1,0,0,0,0,0,1,0,94.22362040676414
CWE-259,1,0,0,0,0,0,0,0,0,0,0,0,11.015135348666632
CWE-703,1,0,0,4,4,0,0,0,0,0,4,0,93.1600250796771
CWE-703,1,0,0,1,1,0,0,0,0,0,1,0,94.22362040676414
,0,0,0,0,0,0,0,0,0,0,0,0,11.015135348666632
CWE-703,1,0,0,3,3,0,0,0,0,0,3,0,95.96586913694678
CWE-703,1,0,0,1,1,0,0,0,0,0,1,0,94.22362040676414
,0,0,0,0,0,0,0,0,0,0,0,0,11.015135348666632
,0,0,0,0,0,0,0,0,0,0,0,0,11.015135348666632
CWE-703,1,0,0,1,1,0,0,0,0,0,1,0,94.22362040676414
CWE-79,1,0,0,0,0,0,0,0,0,0,0,0,11.015135348666632
CWE-Unknown,0,0,0,0,0,0,0,0,0,0,0,0,11.015135348666632
CWE-703,1,0,0,3,3,0,0,0,0,0,3,0,95.96586913694678
,0,0,0,0,0,0,0,0,0,0,0,0,11.015135348666632
CWE-703,1,0,0,6,6,0,0,0,0,0,6,0,74.85788982259568
rich/_unicode_data/unicode6-2-0.py,0,0,0,0,0,0,0,0,0,0,0,0,11.015135348666632
CWE-Unknown,0,0,0,0,0,0,0,0,0,0,0,0,11.015135348666632
,0,0,0,0,0,0,0,0,0,0,0,0,11.015135348666632
CWE-22,1,0,0,0,0,0,0,0,0,0,0,0,11.015135348666632
"CWE-94, CWE-330",1,0,0,2,2,0,0,0,0,0,2,0,89.95003017504536
,0,0,0,0,0,0,0,0,0,0,0,0,11.015135348666632
CWE-703,1,0,0,7,7,0,0,0,0,0,7,0,100.0
CWE-703,1,0,0,1,1,0,0,0,0,0,1,0,94.22362040676414
typer/_click/_winconsole.py,0,0,0,2,2,0,0,0,0,0,2,0,89.95003017504536
,0,0,0,0,0,0,0,0,0,0,0,0,11.015135348666632
CWE-Unknown,0,0,0,0,0,0,0,0,0,0,0,0,11.015135348666632
CWE-703,1,0,0,14,14,0,0,0,0,0,14,0,100.0
,0,0,0,0,0,0,0,0,0,0,0,0,11.015135348666632
rich/containers.py,0,0,0,0,0,0,0,0,0,0,0,0,11.015135348666632
CWE-259,1,0,0,23,0,23,0,0,0,0,23,0,78.40875
,0,0,0,0,0,0,0,0,0,0,0,0,11.015135348666632
CWE-89,1,0,0,0,0,0,0,1,1,0,0,2,100.0
,0,0,0,0,0,0,0,0,0,0,0,0,11.015135348666632
CWE-703,1,0,0,2,2,0,0,0,0,0,2,0,89.95003017504536
CWE-703,1,0,0,2,2,0,0,0,0,0,2,0,89.95003017504536
,0,0,0,0,0,0,0,0,0,0,0,0,11.015135348666632
CWE-703,1,0,0,5,5,0,0,0,0,0,5,0,90.81244996320292
CWE-327,1,0,0,0,0,0,0,0,3,0,0,3,99.02651515151514
,0,0,0,0,0,0,0,0,0,0,0,0,11.015135348666632
CWE-Unknown,0,0,0,0,0,0,0,0,0,0,0,0,11.015135348666632
CWE-78,1,1,0,0,1,0,0,1,0,0,1,1,99.93796992481202
,0,0,0,0,0,0,0,0,0,0,0,0,11.015135348666632
CWE-703,1,0,0,2,2,0,0,0,0,0,2,0,89.95003017504536
scripts/docs.py,0,0,0,6,6,0,0,0,0,0,6,0,74.85788982259568
,0,0,0,0,0,0,0,0,0,0,0,0,11.015135348666632
typer/_click/shell_completion.py,0,0,0,1,1,0,0,0,0,0,1,0,94.22362040676414
,0,0,0,0,0,0,0,0,0,0,0,0,11.015135348666632
CWE-79,1,0,0,0,0,0,0,0,0,0,0,0,11.015135348666632
CWE-703,1,0,0,4,4,0,0,0,0,0,4,0,93.1600250796771
typer/_click/exceptions.py,0,0,0,0,0,0,0,0,0,0,0,0,11.015135348666632
CWE-Unknown,0,0,0,0,0,0,0,0,0,0,0,0,11.015135348666632
CWE-Unknown,0,0,0,0,0,0,0,0,0,0,0,0,11.015135348666632
CWE-Unknown,0,0,0,0,0,0,0,0,0,0,0,0,11.015135348666632
CWE-79,1,0,0,0,0,0,0,0,0,0,0,0,11.015135348666632
,0,0,0,0,0,0,0,0,0,0,0,0,11.015135348666632
CWE-703,1,0,0,3,3,0,0,0,0,0,3,0,95.96586913694678
,0,0,0,0,0,0,0,0,0,0,0,0,11.015135348666632
CWE-703,1,0,0,5,5,0,0,0,0,0,5,0,90.81244996320292
,0,0,0,0,0,0,0,0,0,0,0,0,11.015135348666632
docs_src/subcommands/name_help/tutorial005_py310.py,0,0,0,0,0,0,0,0,0,0,0,0,11.015135348666632
CWE-330,1,0,0,1,1,0,0,0,0,0,1,0,94.22362040676414
CWE-259,1,0,0,1,0,1,0,0,0,0,1,0,96.39124868105131
CWE-703,1,0,0,4,4,0,0,0,0,0,4,0,93.1600250796771
,0,0,0,0,0,0,0,0,0,0,0,0,11.015135348666632
CWE-Unknown,0,0,0,0,0,0,0,0,0,0,0,0,11.015135348666632
,0,0,0,0,0,0,0,0,0,0,0,0,11.015135348666632
CWE-Unknown,0,0,0,0,0,0,0,0,0,0,0,0,11.015135348666632
CWE-703,1,0,0,6,6,0,0,0,0,0,6,0,74.85788982259568
CWE-703,1,0,0,3,3,0,0,0,0,0,3,0,95.96586913694678
CWE-703,1,0,0,1,1,0,0,0,0,0,1,0,94.22362040676414
UNKNOWN,0,0,0,0,0,0,0,0,0,0,0,0,11.015135348666632
CWE-703,1,0,0,14,14,0,0,0,0,0,14,0,100.0
,0,0,0,0,0,0,0,0,0,0,0,0,11.015135348666632
rich/_unicode_data/unicode10-0-0.py,0,0,0,0,0,0,0,0,0,0,0,0,11.015135348666632
benchmarks/snippets.py,0,0,0,0,0,0,0,0,0,0,0,0,11.015135348666632
CWE-Unknown,0,0,0,0,0,0,0,0,0,0,0,0,11.015135348666632
,0,0,0,0,0,0,0,0,0,0,0,0,11.015135348666632
,0,0,0,0,0,0,0,0,0,0,0,0,11.015135348666632
,0,0,0,0,0,0,0,0,0,0,0,0,11.015135348666632
CWE-703,1,0,0,2,2,0,0,0,0,0,2,0,89.95003017504536
docs_src/commands/help/tutorial007_an_py310.py,0,0,0,0,0,0,0,0,0,0,0,0,11.015135348666632
,0,0,0,0,0,0,0,0,0,0,0,0,11.015135348666632
,0,0,0,0,0,0,0,0,0,0,0,0,11.015135348666632
typer/_typing.py,0,0,0,0,0,0,0,0,0,0,0,0,11.015135348666632
CWE-703,1,0,0,3,3,0,0,0,0,0,3,0,95.96586913694678
UNKNOWN,0,0,0,0,0,0,0,0,0,0,0,0,11.015135348666632
CWE-Unknown,0,0,0,0,0,0,0,0,0,0,0,0,11.015135348666632
docs_src/commands/help/tutorial001_py310.py,0,0,0,0,0,0,0,0,0,0,0,0,11.015135348666632
rich/_windows.py,0,0,0,0,0,0,0,0,0,0,0,0,11.015135348666632
CWE-259,1,0,0,1,0,1,0,0,0,0,1,0,96.39124868105131
rich/align.py,0,0,0,0,0,0,0,0,0,0,0,0,11.015135348666632
CWE-703,1,0,0,4,4,0,0,0,0,0,4,0,93.1600250796771
tools/make_width_tables.py,0,2,0,1,3,0,0,2,0,0,3,2,35.838322504194814
,0,0,0,0,0,0,0,0,0,0,0,0,11.015135348666632
CWE-703,1,0,0,4,4,0,0,0,0,0,4,0,93.1600250796771
CWE-Unknown,0,0,0,0,0,0,0,0,0,0,0,0,11.015135348666632
CWE-703,1,0,0,1,1,0,0,0,0,0,1,0,94.22362040676414
UNKNOWN,0,0,0,0,0,0,0,0,0,0,0,0,11.015135348666632
CWE-703,1,0,0,1,1,0,0,0,0,0,1,0,94.22362040676414
CWE-703,1,0,0,1,1,0,0,0,0,0,1,0,94.22362040676414
,0,0,0,0,0,0,0,0,0,0,0,0,11.015135348666632
rich/scope.py,0,0,0,0,0,0,0,0,0,0,0,0,11.015135348666632
,0,0,0,0,0,0,0,0,0,0,0,0,11.015135348666632
CWE-78,1,2,0,0,2,0,0,2,0,0,2,2,95.5
CWE-Unknown,0,0,0,0,0,0,0,0,0,0,0,0,11.015135348666632
rich/_emoji_replace.py,0,0,0,0,0,0,0,0,0,0,0,0,11.015135348666632
CWE-Unknown,0,0,0,0,0,0,0,0,0,0,0,0,11.015135348666632
CWE-259,1,0,0,2,0,2,0,0,0,0,2,0,99.3641867201426
CWE-89,1,0,0,0,0,0,0,0,0,0,0,0,11.015135348666632
CWE-Unknown,0,0,0,0,0,0,0,0,0,0,0,0,11.015135348666632
CWE-20,1,0,0,0,0,0,0,0,0,0,0,0,11.015135348666632
CWE-703,1,0,0,3,3,0,0,0,0,0,3,0,95.96586913694678
,0,0,0,0,0,0,0,0,0,0,0,0,11.015135348666632
CWE-703,1,0,0,2,2,0,0,0,0,0,2,0,89.95003017504536
examples/complex/complex/cli.py,0,0,0,0,0,0,0,0,0,0,0,0,11.015135348666632
CWE-Unknown,0,0,0,0,0,0,0,0,0,0,0,0,11.015135348666632
,0,0,0,0,0,0,0,0,0,0,0,0,11.015135348666632
CWE-703,1,0,0,11,11,0,0,0,0,0,11,0,100.0
,0,0,0,0,0,0,0,0,0,0,0,0,11.015135348666632
,0,0,0,0,0,0,0,0,0,0,0,0,11.015135348666632
CWE-703,1,0,0,1,1,0,0,0,0,0,1,0,94.22362040676414
CWE-703,1,0,0,19,19,0,0,0,0,0,19,0,100.0
CWE-703,1,0,0,1,1,0,0,0,0,0,1,0,94.22362040676414
CWE-79,1,0,0,0,0,0,0,0,0,0,0,0,11.015135348666632
CWE-Unknown,0,0,0,0,0,0,0,0,0,0,0,0,11.015135348666632
CWE-703,1,0,0,2,2,0,0,0,0,0,2,0,89.95003017504536
rich/constrain.py,0,0,0,0,0,0,0,0,0,0,0,0,11.015135348666632
CWE-89,1,0,0,0,0,0,0,0,0,0,0,0,11.015135348666632
CWE-703,1,0,0,2,2,0,0,0,0,0,2,0,89.95003017504536
CWE-703,1,0,0,3,3,0,0,0,0,0,3,0,95.96586913694678
,0,0,0,0,0,0,0,0,0,0,0,0,11.015135348666632
CWE-703,1,0,0,2,2,0,0,0,0,0,2,0,89.95003017504536
,0,0,0,0,0,0,0,0,0,0,0,0,11.015135348666632
CWE-89,1,0,0,0,0,0,0,0,0,0,0,0,11.015135348666632
CWE-703,1,0,0,3,3,0,0,0,0,0,3,0,95.96586913694678
CWE-703,1,0,0,1,1,0,0,0,0,0,1,0,94.22362040676414
,0,0,0,0,0,0,0,0,0,0,0,0,11.015135348666632
CWE-703,1,0,0,2,2,0,0,0,0,0,2,0,89.95003017504536
CWE-703,1,0,0,2,2,0,0,0,0,0,2,0,89.95003017504536
CWE-703,1,0,0,2,2,0,0,0,0,0,2,0,89.95003017504536
,0,0,0,0,0,0,0,0,0,0,0,0,11.015135348666632
CWE-Unknown,0,0,0,0,0,0,0,0,0,0,0,0,11.015135348666632
CWE-703,1,0,0,1,1,0,0,0,0,0,1,0,94.22362040676414
CWE-89,1,0,3,0,0,3,0,4,1,0,3,5,98.5
CWE-259,1,0,0,1,0,1,0,0,0,0,1,0,96.39124868105131
,0,0,1,1,2,0,0,0,0,0,2,0,70.50294357469016
CWE-703,1,0,0,1,1,0,0,0,0,0,1,0,94.22362040676414
"CWE-78, CWE-703",1,1,0,3,4,0,0,1,0,0,4,1,95.07916992296643
,0,0,0,0,0,0,0,0,0,0,0,0,11.015135348666632
,0,0,0,0,0,0,0,0,0,0,0,0,11.015135348666632
examples/inout/inout.py,0,0,0,0,0,0,0,0,0,0,0,0,11.015135348666632
,0,0,0,0,0,0,0,0,0,0,0,0,11.015135348666632
,0,0,0,0,0,0,0,0,0,0,0,0,11.015135348666632
,0,0,0,0,0,0,0,0,0,0,0,0,11.015135348666632
rich/_unicode_data/unicode12-1-0.py,0,0,0,0,0,0,0,0,0,0,0,0,11.015135348666632
CWE-703,1,0,0,2,2,0,0,0,0,0,2,0,89.95003017504536
CWE-703,1,0,0,1,1,0,0,0,0,0,1,0,94.22362040676414
typer/completion.py,0,0,2,1,1,0,2,0,0,0,3,0,91.22739693343887
typer/_click/formatting.py,0,0,0,0,0,0,0,0,0,0,0,0,11.015135348666632
CWE-703,1,0,0,5,5,0,0,0,0,0,5,0,90.81244996320292
CWE-703,1,0,0,1,1,0,0,0,0,0,1,0,94.22362040676414
CWE-703,1,0,15,23,23,0,15,0,0,0,38,0,83.5
,0,0,0,0,0,0,0,0,0,0,0,0,11.015135348666632
,0,0,0,0,0,0,0,0,0,0,0,0,11.015135348666632
CWE-094_sonar_1.py,1,0,1,0,1,0,0,1,2,0,1,3,100.0
CWE-327,1,0,0,0,0,0,0,0,0,0,0,0,11.015135348666632
,0,0,0,0,0,0,0,0,0,0,0,0,11.015135348666632
CWE-89,1,0,4,0,0,4,0,4,1,0,4,5,96.5
CWE-703,1,0,0,4,4,0,0,0,0,0,4,0,93.1600250796771
CWE-Unknown,0,0,0,0,0,0,0,0,0,0,0,0,11.015135348666632
,0,0,0,0,0,0,0,0,0,0,0,0,11.015135348666632
,0,0,3,0,0,0,3,0,0,0,3,0,10.291666666666668
CWE-327_codeql_3.py,1,1,0,0,1,0,0,0,0,0,1,0,92.55004226851432
,0,0,0,0,0,0,0,0,0,0,0,0,11.015135348666632
CWE-703,1,0,0,18,18,0,0,0,0,0,18,0,100.0
CWE-703,1,0,0,1,1,0,0,0,0,0,1,0,94.22362040676414
CWE-259,1,0,0,2,0,2,0,0,0,0,2,0,99.3641867201426
CWE-703,1,0,0,9,9,0,0,0,0,0,9,0,100.0
CWE-78,1,2,1,0,2,0,1,2,0,0,3,2,95.0
CWE-259,1,0,0,2,0,2,0,0,0,0,2,0,99.3641867201426
CWE-Unknown,0,0,0,0,0,0,0,0,0,0,0,0,11.015135348666632
,0,0,0,0,0,0,0,0,0,0,0,0,11.015135348666632
CWE-703,1,0,0,9,9,0,0,0,0,0,9,0,100.0
CWE-703,1,0,0,2,2,0,0,0,0,0,2,0,89.95003017504536
benchmarks/benchmarks.py,0,0,0,0,0,0,0,0,0,0,0,0,11.015135348666632
CWE-703,1,0,0,1,1,0,0,0,0,0,1,0,94.22362040676414
CWE-Unknown,0,0,0,0,0,0,0,0,0,0,0,0,11.015135348666632
examples/colors/colors.py,0,0,0,0,0,0,0,0,0,0,0,0,11.015135348666632
CWE-703,1,0,0,1,1,0,0,0,0,0,1,0,94.22362040676414
,0,0,0,0,0,0,0,0,0,0,0,0,11.015135348666632
CWE-259,1,0,0,1,0,1,0,0,0,0,1,0,96.39124868105131
CWE-703,1,0,0,1,1,0,0,0,0,0,1,0,94.22362040676414
CWE-259,1,0,0,1,0,1,0,0,0,0,1,0,96.39124868105131
CWE-703,1,0,0,4,4,0,0,0,0,0,4,0,93.1600250796771
docs_src/commands/help/tutorial004_py310.py,0,0,0,0,0,0,0,0,0,0,0,0,11.015135348666632
,0,0,0,0,0,0,0,0,0,0,0,0,11.015135348666632
CWE-703,1,0,0,1,1,0,0,0,0,0,1,0,94.22362040676414
CWE-703,1,0,0,1,1,0,0,0,0,0,1,0,94.22362040676414
,0,0,0,0,0,0,0,0,0,0,0,0,11.015135348666632
CWE-703,1,0,0,3,3,0,0,0,0,0,3,0,95.96586913694678
rich/highlighter.py,0,0,0,0,0,0,0,0,0,0,0,0,11.015135348666632
CWE-Unknown,0,0,0,0,0,0,0,0,0,0,0,0,11.015135348666632
CWE-703,1,0,0,4,4,0,0,0,0,0,4,0,93.1600250796771
UNKNOWN,0,0,0,0,0,0,0,0,0,0,0,0,11.015135348666632
,0,0,0,0,0,0,0,0,0,0,0,0,11.015135348666632
CWE-Unknown,0,0,0,0,0,0,0,0,0,0,0,0,11.015135348666632
,0,0,0,0,0,0,0,0,0,0,0,0,11.015135348666632
,0,0,0,0,0,0,0,0,0,0,0,0,11.015135348666632
CWE-703,1,0,7,4,4,7,0,0,0,0,11,0,93.96666666666667
"CWE-22, CWE-78",1,3,0,0,3,0,0,3,0,0,3,3,98.5
,0,0,0,0,0,0,0,0,0,0,0,0,11.015135348666632
docs_src/options_autocompletion/tutorial009_py310.py,0,0,0,0,0,0,0,0,0,0,0,0,11.015135348666632
,0,0,0,0,0,0,0,0,0,0,0,0,11.015135348666632
CWE-703,1,0,0,1,1,0,0,0,0,0,1,0,94.22362040676414
CWE-703,1,0,0,1,1,0,0,0,0,0,1,0,94.22362040676414
docs_src/commands/help/tutorial005_an_py310.py,0,0,0,0,0,0,0,0,0,0,0,0,11.015135348666632
CWE-703,1,0,0,1,1,0,0,0,0,0,1,0,94.22362040676414
CWE-703,1,0,0,1,1,0,0,0,0,0,1,0,94.22362040676414
CWE-703,1,0,0,5,5,0,0,0,0,0,5,0,90.81244996320292
,0,0,0,0,0,0,0,0,0,0,0,0,11.015135348666632
,0,0,0,0,0,0,0,0,0,0,0,0,11.015135348666632
CWE-89,1,0,0,0,0,0,0,1,1,0,0,2,100.0
CWE-Unknown,0,0,0,0,0,0,0,0,0,0,0,0,11.015135348666632
CWE-Unknown,0,0,0,0,0,0,0,0,0,0,0,0,11.015135348666632
,0,0,0,0,0,0,0,0,0,0,0,0,11.015135348666632
,0,0,0,0,0,0,0,0,0,0,0,0,11.015135348666632
typer/_click/_termui_impl.py,0,0,0,6,6,0,0,0,0,0,6,0,74.85788982259568
"CWE-22, CWE-78",1,3,0,0,3,0,0,3,0,0,3,3,98.5
,0,0,0,0,0,0,0,0,0,0,0,0,11.015135348666632
CWE-703,1,0,0,8,8,0,0,0,0,0,8,0,100.0
CWE-703,1,0,0,1,1,0,0,0,0,0,1,0,94.22362040676414
,0,0,0,0,0,0,0,0,0,0,0,0,11.015135348666632
,0,0,0,0,0,0,0,0,0,0,0,0,11.015135348666632
CWE-703,1,0,0,1,1,0,0,0,0,0,1,0,94.22362040676414
CWE-703,1,0,0,4,4,0,0,0,0,0,4,0,93.1600250796771
CWE-20,1,0,0,0,0,0,0,0,0,0,0,0,11.015135348666632
,0,0,0,0,0,0,0,0,0,0,0,0,11.015135348666632
CWE-703,1,0,0,1,1,0,0,0,0,0,1,0,94.22362040676414
CWE-703,1,0,0,1,1,0,0,0,0,0,1,0,94.22362040676414
CWE-703,1,0,0,1,1,0,0,0,0,0,1,0,94.22362040676414
,0,0,0,1,1,0,0,0,0,0,1,0,94.22362040676414
CWE-Unknown,0,0,0,0,0,0,0,0,0,0,0,0,11.015135348666632
CWE-703,1,0,0,2,2,0,0,0,0,0,2,0,89.95003017504536
src/click/_textwrap.py,0,0,0,0,0,0,0,0,0,0,0,0,11.015135348666632
CWE-703,1,0,0,1,1,0,0,0,0,0,1,0,94.22362040676414
,0,0,0,0,0,0,0,0,0,0,0,0,11.015135348666632
rich/logging.py,0,0,0,2,2,0,0,0,0,0,2,0,89.95003017504536
CWE-703,1,0,0,1,1,0,0,0,0,0,1,0,94.22362040676414
UNKNOWN,0,0,0,0,0,0,0,0,0,0,0,0,11.015135348666632
CWE-703,1,0,0,3,3,0,0,0,0,0,3,0,95.96586913694678
rich/_null_file.py,0,0,0,0,0,0,0,0,0,0,0,0,11.015135348666632
CWE-89,1,0,0,0,0,0,0,1,1,0,0,2,100.0
CWE-703,1,0,0,4,4,0,0,0,0,0,4,0,93.1600250796771
,0,0,0,0,0,0,0,0,0,0,0,0,11.015135348666632
CWE-703,1,0,0,3,3,0,0,0,0,0,3,0,95.96586913694678
CWE-259,1,0,0,1,0,1,0,0,0,0,1,0,96.39124868105131
,0,0,0,0,0,0,0,0,0,0,0,0,11.015135348666632
,0,0,0,0,0,0,0,0,0,0,0,0,11.015135348666632
CWE-703,1,0,0,2,2,0,0,0,0,0,2,0,89.95003017504536
UNKNOWN,0,0,0,0,0,0,0,0,0,0,0,0,11.015135348666632
CWE-703,1,0,0,1,1,0,0,0,0,0,1,0,94.22362040676414
CWE-703,1,0,0,7,7,0,0,0,0,0,7,0,100.0
,0,0,0,0,0,0,0,0,0,0,0,0,11.015135348666632
CWE-703,1,0,0,1,1,0,0,0,0,0,1,0,94.22362040676414
,0,0,0,0,0,0,0,0,0,0,0,0,11.015135348666632
CWE-078_codeql_1.py,1,1,0,0,1,0,0,3,0,0,1,3,100.0
src/click/_utils.py,0,0,0,0,0,0,0,0,0,0,0,0,11.015135348666632
CWE-703,1,0,0,1,1,0,0,0,0,0,1,0,94.22362040676414
CWE-703,1,0,0,3,3,0,0,0,0,0,3,0,95.96586913694678
,0,0,0,0,0,0,0,0,0,0,0,0,11.015135348666632
CWE-703,1,0,0,1,1,0,0,0,0,0,1,0,94.22362040676414
CWE-703,1,0,0,4,4,0,0,0,0,0,4,0,93.1600250796771
CWE-259,1,0,0,1,0,1,0,0,0,0,1,0,96.39124868105131
CWE-Unknown,0,0,0,0,0,0,0,0,0,0,0,0,11.015135348666632
rich/styled.py,0,0,0,0,0,0,0,0,0,0,0,0,11.015135348666632
,0,0,0,0,0,0,0,0,0,0,0,0,11.015135348666632
CWE-703,1,0,0,3,3,0,0,0,0,0,3,0,95.96586913694678
CWE-259,1,0,0,1,0,1,0,0,0,0,1,0,96.39124868105131
CWE-22,1,0,0,0,0,0,0,0,0,0,0,0,11.015135348666632
CWE-89,1,0,0,0,0,0,0,0,0,0,0,0,11.015135348666632
CWE-89,1,0,0,0,0,0,0,1,1,0,0,2,100.0
,0,0,0,0,0,0,0,0,0,0,0,0,11.015135348666632
CWE-89,1,0,0,1,0,1,0,0,0,0,1,0,96.39124868105131
CWE-Unknown,0,0,0,0,0,0,0,0,0,0,0,0,11.015135348666632
CWE-703,1,0,0,1,1,0,0,0,0,0,1,0,94.22362040676414
CWE-Unknown,0,0,0,0,0,0,0,0,0,0,0,0,11.015135348666632
CWE-703,1,0,0,1,1,0,0,0,0,0,1,0,94.22362040676414
"CWE-605, CWE-703",1,0,1,1,1,1,0,0,0,0,2,0,99.1505376344086
CWE-703,1,0,0,15,15,0,0,0,0,0,15,0,37.5
CWE-89,1,0,0,0,0,0,0,0,0,0,0,0,11.015135348666632
,0,0,0,0,0,0,0,0,0,0,0,0,11.015135348666632
CWE-703,1,0,0,1,1,0,0,0,0,0,1,0,94.22362040676414
CWE-703,1,0,0,4,4,0,0,0,0,0,4,0,93.1600250796771
docs_src/options_autocompletion/tutorial008_py310.py,0,0,0,0,0,0,0,0,0,0,0,0,11.015135348666632
CWE-703,1,0,0,1,1,0,0,0,0,0,1,0,94.22362040676414
UNKNOWN,0,0,0,0,0,0,0,0,0,0,0,0,11.015135348666632
CWE-Unknown,0,0,0,0,0,0,0,0,0,0,0,0,11.015135348666632
,0,0,0,0,0,0,0,0,0,0,0,0,11.015135348666632
CWE-703,1,0,0,2,2,0,0,0,0,0,2,0,89.95003017504536
UNKNOWN,0,0,0,0,0,0,0,0,0,0,0,0,11.015135348666632
CWE-703,1,0,0,12,12,0,0,0,0,0,12,0,100.0
CWE-703,1,0,0,8,8,0,0,0,0,0,8,0,100.0
CWE-259,1,0,0,1,0,1,0,0,0,0,1,0,96.39124868105131
,0,0,0,0,0,0,0,0,0,0,0,0,11.015135348666632
,0,0,0,0,0,0,0,0,0,0,0,0,11.015135348666632
CWE-Unknown,0,0,0,0,0,0,0,0,0,0,0,0,11.015135348666632
CWE-327,1,1,0,0,1,0,0,0,0,0,1,0,92.55004226851432
,0,0,0,0,0,0,0,0,0,0,0,0,11.015135348666632
CWE-Unknown,0,0,0,0,0,0,0,0,0,0,0,0,11.015135348666632
,0,0,0,0,0,0,0,0,0,0,0,0,11.015135348666632
CWE-Unknown,0,0,0,0,0,0,0,0,0,0,0,0,11.015135348666632
rich/terminal_theme.py,0,0,0,0,0,0,0,0,0,0,0,0,11.015135348666632
CWE-Unknown,0,0,0,0,0,0,0,0,0,0,0,0,11.015135348666632
,0,0,0,0,0,0,0,0,0,0,0,0,11.015135348666632
CWE-703,1,0,0,1,1,0,0,0,0,0,1,0,94.22362040676414
CWE-79,1,0,0,0,0,0,0,0,0,0,0,0,11.015135348666632
,0,0,0,0,0,0,0,0,0,0,0,0,11.015135348666632
"CWE-22, CWE-78",1,3,0,0,3,0,0,3,0,0,3,3,98.5
CWE-611_sonar_4.py,1,0,1,1,2,0,0,0,0,0,2,0,70.50294357469016
,0,0,0,0,0,0,0,0,0,0,0,0,11.015135348666632
CWE-703,1,0,0,2,2,0,0,0,0,0,2,0,89.95003017504536
"CWE-94, CWE-330",1,0,0,0,0,0,0,0,0,0,0,0,11.015135348666632
,0,0,0,0,0,0,0,0,0,0,0,0,11.015135348666632
CWE-703,1,0,0,2,2,0,0,0,0,0,2,0,89.95003017504536
CWE-Unknown,0,0,0,0,0,0,0,0,0,0,0,0,11.015135348666632
,0,0,0,0,0,0,0,0,0,0,0,0,11.015135348666632
CWE-703,1,0,0,2,2,0,0,0,0,0,2,0,89.95003017504536
CWE-703,1,0,0,3,3,0,0,0,0,0,3,0,95.96586913694678
CWE-Unknown,0,0,0,0,0,0,0,0,0,0,0,0,11.015135348666632
CWE-79,1,0,0,0,0,0,0,0,0,0,0,0,11.015135348666632
CWE-703,1,0,0,2,2,0,0,0,0,0,2,0,89.95003017504536
CWE-703,1,0,0,1,1,0,0,0,0,0,1,0,94.22362040676414
CWE-703,1,0,0,1,1,0,0,0,0,0,1,0,94.22362040676414
CWE-Unknown,0,0,0,0,0,0,0,0,0,0,0,0,11.015135348666632
,0,0,0,0,0,0,0,0,0,0,0,0,11.015135348666632
,0,0,0,0,0,0,0,0,0,0,0,0,11.015135348666632
,0,0,0,0,0,0,0,0,0,0,0,0,11.015135348666632
,0,0,0,0,0,0,0,0,0,0,0,0,11.015135348666632
CWE-703,1,0,0,2,2,0,0,0,0,0,2,0,89.95003017504536
CWE-703,1,0,0,1,1,0,0,0,0,0,1,0,94.22362040676414
CWE-703,1,0,0,3,3,0,0,0,0,0,3,0,95.96586913694678
CWE-Unknown,0,0,0,0,0,0,0,0,0,0,0,0,11.015135348666632
CWE-Unknown,0,0,0,0,0,0,0,0,0,0,0,0,11.015135348666632
,0,0,0,0,0,0,0,0,0,0,0,0,11.015135348666632
examples/attrs.py,0,0,0,0,0,0,0,0,0,0,0,0,11.015135348666632
CWE-259,1,0,0,1,0,1,0,0,0,0,1,0,96.39124868105131
,0,0,0,0,0,0,0,0,0,0,0,0,11.015135348666632
CWE-703,1,0,0,1,1,0,0,0,0,0,1,0,94.22362040676414
CWE-78,1,1,0,0,1,0,0,1,0,0,1,1,99.93796992481202
CWE-703,1,0,0,2,2,0,0,0,0,0,2,0,89.95003017504536
CWE-703,1,0,0,1,1,0,0,0,0,0,1,0,94.22362040676414
,0,0,0,0,0,0,0,0,0,0,0,0,11.015135348666632
,0,0,0,0,0,0,0,0,0,0,0,0,11.015135348666632
CWE-78,1,0,0,2,2,0,0,0,0,0,2,0,89.95003017504536
CWE-079_codeql_2.py,1,0,0,0,0,0,0,0,1,0,0,1,54.31367174940416
CWE-703,1,0,0,2,2,0,0,0,0,0,2,0,89.95003017504536
CWE-89,1,0,2,0,0,2,0,4,3,0,2,7,98.5
,0,0,0,0,0,0,0,0,0,0,0,0,11.015135348666632
typer/models.py,0,0,0,0,0,0,0,0,0,0,0,0,11.015135348666632
CWE-Unknown,0,0,0,0,0,0,0,0,0,0,0,0,11.015135348666632
CWE-330,1,0,0,1,1,0,0,0,0,0,1,0,94.22362040676414
CWE-89,1,0,1,0,0,1,0,1,1,0,1,2,100.0
,0,0,0,0,0,0,0,0,0,0,0,0,11.015135348666632
,0,0,0,0,0,0,0,0,0,0,0,0,11.015135348666632
CWE-Unknown,0,0,0,0,0,0,0,0,0,0,0,0,11.015135348666632
CWE-330,1,0,0,0,0,0,0,0,0,0,0,0,11.015135348666632
CWE-703,1,0,0,2,2,0,0,0,0,0,2,0,89.95003017504536
,0,0,0,0,0,0,0,0,0,0,0,0,11.015135348666632
,0,0,0,0,0,0,0,0,0,0,0,0,11.015135348666632
CWE-703,1,0,0,3,3,0,0,0,0,0,3,0,95.96586913694678
CWE-703,1,0,0,1,1,0,0,0,0,0,1,0,94.22362040676414
CWE-22,1,0,0,0,0,0,0,0,0,0,0,0,11.015135348666632
CWE-703,1,0,0,2,2,0,0,0,0,0,2,0,89.95003017504536
,0,0,0,0,0,0,0,0,0,0,0,0,11.015135348666632
CWE-703,1,0,9,3,3,9,0,0,0,0,12,0,84.48275862068965
,0,0,0,0,0,0,0,0,0,0,0,0,11.015135348666632
rich/_unicode_data/unicode15-1-0.py,0,0,0,0,0,0,0,0,0,0,0,0,11.015135348666632
,0,0,0,0,0,0,0,0,0,0,0,0,11.015135348666632
CWE-Unknown,0,0,0,0,0,0,0,0,0,0,0,0,11.015135348666632
CWE-703,1,0,0,1,1,0,0,0,0,0,1,0,94.22362040676414
,0,0,0,0,0,0,0,0,0,0,0,0,11.015135348666632
CWE-703,1,0,0,1,1,0,0,0,0,0,1,0,94.22362040676414
CWE-502,1,0,1,0,1,0,0,0,2,0,1,2,100.0
CWE-703,1,0,0,2,2,0,0,0,0,0,2,0,89.95003017504536
CWE-Unknown,0,0,0,0,0,0,0,0,0,0,0,0,11.015135348666632
,0,0,0,0,0,0,0,0,0,0,0,0,11.015135348666632
CWE-020_codeql_2.py,1,0,1,1,2,0,0,1,1,0,2,2,97.94999999999999
rich/_unicode_data/unicode9-0-0.py,0,0,0,0,0,0,0,0,0,0,0,0,11.015135348666632
CWE-703,1,0,1,5,5,1,0,0,0,0,6,0,95.71216354976133
CWE-703,1,0,0,1,1,0,0,0,0,0,1,0,94.22362040676414
CWE-020_codeql_4.py,1,0,0,0,0,0,0,1,0,0,0,1,99.85
CWE-703,1,0,0,2,2,0,0,0,0,0,2,0,89.95003017504536
CWE-330,1,0,0,1,1,0,0,0,0,0,1,0,94.22362040676414
CWE-Unknown,0,0,0,0,0,0,0,0,0,0,0,0,11.015135348666632
CWE-601_sonar_1.py,1,0,0,0,0,0,0,0,1,0,0,1,54.31367174940416
"CWE-327, CWE-330",1,0,0,1,1,0,0,0,0,0,1,0,94.22362040676414
CWE-703,1,0,0,1,1,0,0,0,0,0,1,0,94.22362040676414
CWE-703,1,0,0,1,1,0,0,0,0,0,1,0,94.22362040676414
CWE-Unknown,0,0,0,0,0,0,0,0,0,0,0,0,11.015135348666632
,0,0,0,0,0,0,0,0,0,0,0,0,11.015135348666632
CWE-Unknown,0,0,0,0,0,0,0,0,0,0,0,0,11.015135348666632
CWE-Unknown,0,0,0,0,0,0,0,0,0,0,0,0,11.015135348666632
CWE-703,1,0,0,3,2,1,0,0,0,0,3,0,99.70629595908129
,0,0,0,0,0,0,0,0,0,0,0,0,11.015135348666632
,0,0,0,0,0,0,0,0,0,0,0,0,11.015135348666632
CWE-Unknown,0,0,0,0,0,0,0,0,0,0,0,0,11.015135348666632
CWE-703,1,0,0,2,2,0,0,0,0,0,2,0,89.95003017504536
,0,0,0,0,0,0,0,0,0,0,0,0,11.015135348666632
CWE-22,1,0,0,0,0,0,0,0,0,0,0,0,11.015135348666632
,0,0,0,0,0,0,0,0,0,0,0,0,11.015135348666632
,0,0,0,0,0,0,0,0,0,0,0,0,11.015135348666632
CWE-703,1,0,0,3,1,2,0,0,0,0,3,0,99.95786267995571
CWE-703,1,0,0,1,1,0,0,0,0,0,1,0,94.22362040676414
CWE-703,1,0,0,2,2,0,0,0,0,0,2,0,89.95003017504536
CWE-703,1,0,0,1,1,0,0,0,0,0,1,0,94.22362040676414
src/click/formatting.py,0,0,0,0,0,0,0,0,0,0,0,0,11.015135348666632
CWE-703,1,0,0,1,1,0,0,0,0,0,1,0,94.22362040676414
examples/completion/completion.py,0,0,0,0,0,0,0,0,0,0,0,0,11.015135348666632
,0,0,0,0,0,0,0,0,0,0,0,0,11.015135348666632
CWE-703,1,0,0,3,3,0,0,0,0,0,3,0,95.96586913694678
CWE-703,1,0,0,1,1,0,0,0,0,0,1,0,94.22362040676414
CWE-703,1,0,0,2,2,0,0,0,0,0,2,0,89.95003017504536
CWE-703,1,0,1,2,2,0,1,0,0,0,3,0,80.88163654980116
CWE-703,1,0,0,2,2,0,0,0,0,0,2,0,89.95003017504536
rich/live_render.py,0,0,0,0,0,0,0,0,0,0,0,0,11.015135348666632
,0,0,0,2,2,0,0,0,0,0,2,0,89.95003017504536
rich/palette.py,0,0,0,0,0,0,0,0,0,0,0,0,11.015135348666632
CWE-703,1,0,0,1,1,0,0,0,0,0,1,0,94.22362040676414
examples/export.py,0,0,0,0,0,0,0,0,0,0,0,0,11.015135348666632
tests/typing/typing_aliased_group.py,0,0,0,1,1,0,0,0,0,0,1,0,94.22362040676414
,0,0,0,0,0,0,0,0,0,0,0,0,11.015135348666632
CWE-Unknown,0,0,0,0,0,0,0,0,0,0,0,0,11.015135348666632
CWE-703,1,0,0,1,1,0,0,0,0,0,1,0,94.22362040676414
CWE-703,1,0,0,5,5,0,0,0,0,0,5,0,90.81244996320292
CWE-703,1,0,0,2,2,0,0,0,0,0,2,0,89.95003017504536
CWE-295_codeql_1.py,1,1,1,0,1,0,1,1,0,0,2,1,97.26785714285714
CWE-703,1,0,0,1,1,0,0,0,0,0,1,0,94.22362040676414
,0,0,0,0,0,0,0,0,0,0,0,0,11.015135348666632
rich/screen.py,0,0,0,0,0,0,0,0,0,0,0,0,11.015135348666632
CWE-327,1,1,0,0,1,0,0,0,0,0,1,0,92.55004226851432
examples/listdir.py,0,0,0,0,0,0,0,0,0,0,0,0,11.015135348666632
CWE-703,1,0,0,2,2,0,0,0,0,0,2,0,89.95003017504536
CWE-89,1,0,2,0,0,0,2,0,0,0,2,0,73.26369047619049
,0,0,0,0,0,0,0,0,0,0,0,0,11.015135348666632
CWE-703,1,0,0,2,2,0,0,0,0,0,2,0,89.95003017504536
,0,0,0,0,0,0,0,0,0,0,0,0,11.015135348666632
rich/status.py,0,0,0,0,0,0,0,0,0,0,0,0,11.015135348666632
CWE-703,1,0,0,3,3,0,0,0,0,0,3,0,95.96586913694678
UNKNOWN,0,0,0,0,0,0,0,0,0,0,0,0,11.015135348666632
CWE-703,1,0,0,2,2,0,0,0,0,0,2,0,89.95003017504536
UNKNOWN,0,0,0,0,0,0,0,0,0,0,0,0,11.015135348666632
,0,0,0,0,0,0,0,0,0,0,0,0,11.015135348666632
,0,0,0,0,0,0,0,0,0,0,0,0,11.015135348666632
CWE-703,1,0,0,1,1,0,0,0,0,0,1,0,94.22362040676414
CWE-703,1,0,0,1,1,0,0,0,0,0,1,0,94.22362040676414
CWE-Unknown,0,0,0,0,0,0,0,0,0,0,0,0,11.015135348666632
CWE-703,1,0,0,2,2,0,0,0,0,0,2,0,89.95003017504536
CWE-79,1,0,0,0,0,0,0,0,0,0,0,0,11.015135348666632
CWE-020_codeql_1.py,1,0,0,0,0,0,0,0,1,0,0,1,54.31367174940416
CWE-022_author_2.py,1,0,1,0,1,0,0,0,1,0,1,1,86.10569430569429
CWE-79,1,0,0,0,0,0,0,0,0,0,0,0,11.015135348666632
,0,0,0,0,0,0,0,0,0,0,0,0,11.015135348666632
rich/_unicode_data/_versions.py,0,0,0,0,0,0,0,0,0,0,0,0,11.015135348666632
CWE-259,1,0,0,0,0,0,0,0,0,0,0,0,11.015135348666632
CWE-327,1,0,0,0,0,0,0,1,1,0,0,2,100.0
CWE-Unknown,0,0,0,0,0,0,0,0,0,0,0,0,11.015135348666632
CWE-327,1,1,0,0,1,0,0,0,1,0,1,1,93.64318606949432
,0,0,0,0,0,0,0,0,0,0,0,0,11.015135348666632
CWE-326_author_1.py,1,1,1,0,2,0,0,0,1,0,2,1,98.73333333333333
CWE-Unknown,0,0,0,0,0,0,0,0,0,0,0,0,11.015135348666632
CWE-Unknown,0,0,1,0,0,0,1,0,1,0,1,1,26.66891499023853
,0,0,0,0,0,0,0,0,0,0,0,0,11.015135348666632
,0,0,0,0,0,0,0,0,1,0,0,1,54.31367174940416
CWE-703,1,0,0,2,2,0,0,0,0,0,2,0,89.95003017504536
rich/abc.py,0,0,0,0,0,0,0,0,0,0,0,0,11.015135348666632
CWE-703,1,0,0,2,2,0,0,0,0,0,2,0,89.95003017504536
CWE-703,1,0,0,1,1,0,0,0,0,0,1,0,94.22362040676414
,0,0,0,0,0,0,0,0,0,0,0,0,11.015135348666632
CWE-259,1,0,0,0,0,0,0,0,0,0,0,0,11.015135348666632
typer/_click/decorators.py,0,0,0,1,1,0,0,0,0,0,1,0,94.22362040676414
CWE-703,1,0,0,2,2,0,0,0,0,0,2,0,89.95003017504536
CWE-319_author_1.py,1,0,0,0,0,0,0,0,1,0,0,1,54.31367174940416
CWE-703,1,0,0,2,2,0,0,0,0,0,2,0,89.95003017504536
CWE-703,1,0,0,3,3,0,0,0,0,0,3,0,95.96586913694678
CWE-918_codeql_2.py,1,0,1,0,0,0,1,1,0,0,1,1,66.7779761904762
CWE-703,1,0,0,3,3,0,0,0,0,0,3,0,95.96586913694678
CWE-703,1,0,0,1,1,0,0,0,0,0,1,0,94.22362040676414
CWE-703,1,0,0,1,1,0,0,0,0,0,1,0,94.22362040676414
,0,0,0,0,0,0,0,0,0,0,0,0,11.015135348666632
CWE-330,1,0,0,1,1,0,0,0,0,0,1,0,94.22362040676414
CWE-703,1,0,0,3,3,0,0,0,0,0,3,0,95.96586913694678
,0,0,0,0,0,0,0,0,0,0,0,0,11.015135348666632
rich/_unicode_data/unicode13-0-0.py,0,0,0,0,0,0,0,0,0,0,0,0,11.015135348666632
CWE-703,1,0,0,1,1,0,0,0,0,0,1,0,94.22362040676414
CWE-Unknown,0,0,0,0,0,0,0,0,0,0,0,0,11.015135348666632
rich/rule.py,0,0,0,0,0,0,0,0,0,0,0,0,11.015135348666632
,0,0,0,0,0,0,0,0,0,0,0,0,11.015135348666632
CWE-798_codeql_1.py,1,0,0,1,0,1,0,0,0,0,1,0,96.39124868105131
CWE-Unknown,0,0,0,0,0,0,0,0,0,0,0,0,11.015135348666632
CWE-703,1,0,0,1,1,0,0,0,0,0,1,0,94.22362040676414
CWE-Unknown,0,0,0,0,0,0,0,0,0,0,0,0,11.015135348666632
CWE-Unknown,0,0,0,0,0,0,0,0,0,0,0,0,11.015135348666632
,0,0,0,0,0,0,0,0,0,0,0,0,11.015135348666632
examples/imagepipe/imagepipe.py,0,0,0,0,0,0,0,0,0,0,0,0,11.015135348666632
CWE-89,1,0,0,0,0,0,0,0,0,0,0,0,11.015135348666632
,0,0,0,0,0,0,0,0,0,0,0,0,11.015135348666632
CWE-703,1,0,0,9,9,0,0,0,0,0,9,0,100.0
CWE-703,1,0,0,2,2,0,0,0,0,0,2,0,89.95003017504536
docs_src/commands/help/tutorial004_an_py310.py,0,0,0,0,0,0,0,0,0,0,0,0,11.015135348666632
CWE-703,1,0,0,1,1,0,0,0,0,0,1,0,94.22362040676414
,0,0,0,0,0,0,0,0,0,0,0,0,11.015135348666632
,0,0,0,0,0,0,0,0,0,0,0,0,11.015135348666632
,0,0,0,0,0,0,0,0,0,0,0,0,11.015135348666632
CWE-703,1,0,0,3,3,0,0,0,0,0,3,0,95.96586913694678
,0,0,0,0,0,0,0,0,0,0,0,0,11.015135348666632
CWE-502,1,0,1,0,1,0,0,0,2,0,1,2,100.0
CWE-703,1,0,0,2,2,0,0,0,0,0,2,0,89.95003017504536
CWE-703,1,0,0,1,1,0,0,0,0,0,1,0,94.22362040676414
CWE-703,1,0,0,1,1,0,0,0,0,0,1,0,94.22362040676414
CWE-703,1,0,0,1,1,0,0,0,0,0,1,0,94.22362040676414
CWE-89,1,0,0,0,0,0,0,7,0,0,0,7,98.0
CWE-703,1,0,0,1,1,0,0,0,0,0,1,0,94.22362040676414
CWE-94,1,0,0,0,0,0,0,0,0,0,0,0,11.015135348666632
docs_src/commands/callback/tutorial001_py310.py,0,0,0,0,0,0,0,0,0,0,0,0,11.015135348666632
,0,0,0,0,0,0,0,0,0,0,0,0,11.015135348666632
CWE-703,1,0,0,3,3,0,0,0,0,0,3,0,95.96586913694678
UNKNOWN,0,0,0,0,0,0,0,0,0,0,0,0,11.015135348666632
,0,0,0,1,1,0,0,0,0,0,1,0,94.22362040676414
CWE-703,1,0,5,5,5,5,0,0,0,0,10,0,87.21484971799813
,0,0,0,0,0,0,0,0,0,0,0,0,11.015135348666632
CWE-703_author_3.py,1,0,0,1,1,0,0,0,0,0,1,0,94.22362040676414
CWE-703,1,0,0,1,1,0,0,0,0,0,1,0,94.22362040676414
CWE-703,1,0,0,5,5,0,0,0,0,0,5,0,90.81244996320292
CWE-259,1,0,0,1,0,1,0,0,0,0,1,0,96.39124868105131
docs_src/commands/options/tutorial001_an_py310.py,0,0,0,0,0,0,0,0,0,0,0,0,11.015135348666632
CWE-703,1,0,0,2,2,0,0,0,0,0,2,0,89.95003017504536
,0,0,0,0,0,0,0,0,0,0,0,0,11.015135348666632
CWE-703,1,0,0,1,1,0,0,0,0,0,1,0,94.22362040676414
CWE-703,1,0,0,4,4,0,0,0,0,0,4,0,93.1600250796771
"CWE-259, CWE-703",1,0,0,10,9,1,0,0,0,0,10,0,100.0
,0,0,0,0,0,0,0,0,0,0,0,0,11.015135348666632
typer/_completion_classes.py,0,0,0,2,2,0,0,0,0,0,2,0,89.95003017504536
rich/bar.py,0,0,0,0,0,0,0,0,0,0,0,0,11.015135348666632
CWE-703,1,0,0,1,1,0,0,0,0,0,1,0,94.22362040676414
"CWE-78, CWE-703",1,0,0,3,3,0,0,0,0,0,3,0,95.96586913694678
CWE-20,1,0,0,0,0,0,0,0,0,0,0,0,11.015135348666632
CWE-703,1,0,0,1,1,0,0,0,0,0,1,0,94.22362040676414
CWE-703,1,0,0,1,1,0,0,0,0,0,1,0,94.22362040676414
CWE-Unknown,0,0,0,0,0,0,0,0,0,0,0,0,11.015135348666632
CWE-703,1,0,0,3,3,0,0,0,0,0,3,0,95.96586913694678
,0,0,0,0,0,0,0,0,0,0,0,0,11.015135348666632
CWE-78,1,0,0,4,4,0,0,0,0,0,4,0,93.1600250796771
rich/_unicode_data/unicode16-0-0.py,0,0,0,0,0,0,0,0,0,0,0,0,11.015135348666632
CWE-703,1,0,0,1,1,0,0,0,0,0,1,0,94.22362040676414
CWE-703,1,0,0,4,4,0,0,0,0,0,4,0,93.1600250796771
CWE-703,1,0,0,1,1,0,0,0,0,0,1,0,94.22362040676414
CWE-259,1,0,0,2,0,2,0,0,0,0,2,0,99.3641867201426
CWE-703,1,0,0,3,3,0,0,0,0,0,3,0,95.96586913694678
rich/_unicode_data/unicode8-0-0.py,0,0,0,0,0,0,0,0,0,0,0,0,11.015135348666632
CWE-703,1,0,0,1,1,0,0,0,0,0,1,0,94.22362040676414
,0,0,0,0,0,0,0,0,5,0,0,5,36.5
rich/_unicode_data/unicode4-1-0.py,0,0,0,0,0,0,0,0,0,0,0,0,11.015135348666632
CWE-703,1,0,0,2,2,0,0,0,0,0,2,0,89.95003017504536
CWE-Unknown,0,0,0,0,0,0,0,0,0,0,0,0,11.015135348666632
,0,0,0,0,0,0,0,0,0,0,0,0,11.015135348666632
CWE-703,1,0,0,1,1,0,0,0,0,0,1,0,94.22362040676414
UNKNOWN,0,0,0,0,0,0,0,0,0,0,0,0,11.015135348666632
typer/_click/parser.py,0,0,0,2,2,0,0,0,0,0,2,0,89.95003017504536
CWE-703,1,0,0,1,1,0,0,0,0,0,1,0,94.22362040676414
CWE-703,1,0,0,4,4,0,0,0,0,0,4,0,93.1600250796771
CWE-703,1,0,0,8,8,0,0,0,0,0,8,0,100.0
CWE-89,1,0,0,0,0,0,0,1,1,0,0,2,100.0
,0,0,0,0,0,0,0,0,0,0,0,0,11.015135348666632
src/click/globals.py,0,0,0,0,0,0,0,0,0,0,0,0,11.015135348666632
,0,0,0,0,0,0,0,0,0,0,0,0,11.015135348666632
,0,0,0,0,0,0,0,0,0,0,0,0,11.015135348666632
CWE-703,1,0,0,1,1,0,0,0,0,0,1,0,94.22362040676414
CWE-Unknown,0,0,0,0,0,0,0,0,0,0,0,0,11.015135348666632
,0,0,0,0,0,0,0,0,0,0,0,0,11.015135348666632
,0,0,0,0,0,0,0,0,0,0,0,0,11.015135348666632
examples/spinners.py,0,0,0,0,0,0,0,0,0,0,0,0,11.015135348666632
CWE-703,1,0,0,0,0,0,0,0,0,0,0,0,11.015135348666632
CWE-703,1,0,0,1,1,0,0,0,0,0,1,0,94.22362040676414
CWE-79,1,0,0,0,0,0,0,0,0,0,0,0,11.015135348666632
CWE-703,1,0,0,2,2,0,0,0,0,0,2,0,89.95003017504536
,0,0,0,0,0,0,0,0,0,0,0,0,11.015135348666632
"CWE-327, CWE-330",1,0,0,1,1,0,0,0,0,0,1,0,94.22362040676414
CWE-703,1,0,0,1,1,0,0,0,0,0,1,0,94.22362040676414
rich/tree.py,0,0,0,0,0,0,0,0,0,0,0,0,11.015135348666632
CWE-703,1,0,0,9,9,0,0,0,0,0,9,0,100.0
,0,0,1,0,0,1,0,0,0,0,1,0,87.89758615840287
CWE-703,1,0,0,1,1,0,0,0,0,0,1,0,94.22362040676414
CWE-703,1,0,0,33,33,0,0,0,0,0,33,0,100.0
CWE-Unknown,0,0,0,0,0,0,0,0,0,0,0,0,11.015135348666632
UNKNOWN,0,0,0,0,0,0,0,0,0,0,0,0,11.015135348666632
CWE-703,1,0,0,1,1,0,0,0,0,0,1,0,94.22362040676414
CWE-703,1,0,0,2,2,0,0,0,0,0,2,0,89.95003017504536
typer/_click/_textwrap.py,0,0,0,0,0,0,0,0,0,0,0,0,11.015135348666632
CWE-377_codeql_1.py,1,0,1,0,1,0,0,0,0,0,1,0,99.08377896613192
CWE-703,1,0,0,3,3,0,0,0,0,0,3,0,95.96586913694678
,0,0,0,0,0,0,0,0,0,0,0,0,11.015135348666632
,0,0,0,0,0,0,0,0,0,0,0,0,11.015135348666632
CWE-79,1,0,0,0,0,0,0,0,0,0,0,0,11.015135348666632
CWE-703,1,0,0,2,2,0,0,0,0,0,2,0,89.95003017504536
CWE-703,1,0,0,5,5,0,0,0,0,0,5,0,90.81244996320292
CWE-330,1,0,0,1,1,0,0,0,0,0,1,0,94.22362040676414
,0,0,0,0,0,0,0,0,0,0,0,0,11.015135348666632
,0,0,0,0,0,0,0,0,0,0,0,0,11.015135348666632
CWE-020_author_1.py,1,0,1,0,1,0,0,0,0,0,1,0,99.08377896613192
CWE-Unknown,0,0,0,0,0,0,0,0,0,0,0,0,11.015135348666632
UNKNOWN,0,0,0,0,0,0,0,0,0,0,0,0,11.015135348666632
CWE-703,1,0,0,1,1,0,0,0,0,0,1,0,94.22362040676414
CWE-703,1,0,0,8,8,0,0,0,0,0,8,0,100.0
,0,0,0,0,0,0,0,0,0,0,0,0,11.015135348666632
CWE-703,1,0,0,2,2,0,0,0,0,0,2,0,89.95003017504536
"CWE-22, CWE-78",1,3,0,0,3,0,0,3,0,0,3,3,98.5
CWE-Unknown,0,0,0,0,0,0,0,0,0,0,0,0,11.015135348666632
CWE-89,1,0,0,0,0,0,0,0,0,0,0,0,11.015135348666632
CWE-Unknown,0,0,0,0,0,0,0,0,0,0,0,0,11.015135348666632
,0,0,0,1,0,1,0,0,0,0,1,0,96.39124868105131
CWE-703,1,0,0,7,7,0,0,0,0,0,7,0,100.0
CWE-703,1,0,0,8,8,0,0,0,0,0,8,0,100.0
rich/cells.py,0,0,0,0,0,0,0,0,0,0,0,0,11.015135348666632
CWE-79,1,0,0,0,0,0,0,0,0,0,0,0,11.015135348666632
rich/_windows_renderer.py,0,0,0,0,0,0,0,0,0,0,0,0,11.015135348666632
,0,0,0,0,0,0,0,0,0,0,0,0,11.015135348666632
CWE-Unknown,0,0,0,0,0,0,0,0,0,0,0,0,11.015135348666632
CWE-Unknown,0,0,0,0,0,0,0,0,0,0,0,0,11.015135348666632
,0,0,0,0,0,0,0,0,0,0,0,0,11.015135348666632
CWE-259,1,0,0,1,0,1,0,0,0,0,1,0,96.39124868105131
,0,0,0,0,0,0,0,0,0,0,0,0,11.015135348666632
,0,0,0,0,0,0,0,0,0,0,0,0,11.015135348666632
CWE-Unknown,0,0,0,0,0,0,0,0,0,0,0,0,11.015135348666632
CWE-703,1,0,0,1,1,0,0,0,0,0,1,0,94.22362040676414
CWE-703,1,0,0,1,1,0,0,0,0,0,1,0,94.22362040676414
docs_src/options_autocompletion/tutorial009_an_py310.py,0,0,0,0,0,0,0,0,0,0,0,0,11.015135348666632
CWE-79,1,0,0,0,0,0,0,0,0,0,0,0,11.015135348666632
CWE-Unknown,0,0,0,0,0,0,0,0,0,0,0,0,11.015135348666632
examples/top_lite_simulator.py,0,0,0,5,5,0,0,0,0,0,5,0,90.81244996320292
,0,0,0,0,0,0,0,0,0,0,0,0,11.015135348666632
,0,0,0,0,0,0,0,0,0,0,0,0,11.015135348666632
CWE-327,1,2,0,0,2,0,0,0,0,0,2,0,97.87352843235196
CWE-703,1,0,0,1,1,0,0,0,0,0,1,0,94.22362040676414
rich/_unicode_data/unicode5-2-0.py,0,0,0,0,0,0,0,0,0,0,0,0,11.015135348666632
CWE-79,1,0,0,0,0,0,0,0,0,0,0,0,11.015135348666632
,0,0,0,0,0,0,0,0,0,0,0,0,11.015135348666632
CWE-703,1,0,0,1,1,0,0,0,0,0,1,0,94.22362040676414
"CWE-327, CWE-330",1,0,0,1,1,0,0,0,0,0,1,0,94.22362040676414
CWE-703,1,0,0,3,3,0,0,0,0,0,3,0,95.96586913694678
CWE-Unknown,0,0,0,0,0,0,0,0,0,0,0,0,11.015135348666632
CWE-89,1,0,1,0,0,1,0,1,1,0,1,2,100.0
,0,0,0,0,0,0,0,0,0,0,0,0,11.015135348666632
CWE-703,1,0,0,1,1,0,0,0,0,0,1,0,94.22362040676414
CWE-Unknown,0,0,0,0,0,0,0,0,0,0,0,0,11.015135348666632
,0,0,0,0,0,0,0,0,0,0,0,0,11.015135348666632
CWE-703,1,0,0,1,1,0,0,0,0,0,1,0,94.22362040676414
CWE-Unknown,0,0,0,0,0,0,0,0,0,0,0,0,11.015135348666632
UNKNOWN,0,0,0,0,0,0,0,0,0,0,0,0,11.015135348666632
,0,0,0,0,0,0,0,0,0,0,0,0,11.015135348666632
CWE-078_author_1.py,1,1,0,1,2,0,0,1,0,0,2,1,98.81354166666665
CWE-703,1,0,0,5,5,0,0,0,0,0,5,0,90.81244996320292
,0,0,0,0,0,0,0,0,0,0,0,0,11.015135348666632
CWE-Unknown,0,0,0,0,0,0,0,0,0,0,0,0,11.015135348666632
CWE-89,1,0,1,0,0,1,0,1,1,0,1,2,100.0
CWE-703,1,0,0,4,4,0,0,0,0,0,4,0,93.1600250796771
rich/json.py,0,0,0,0,0,0,0,0,0,0,0,0,11.015135348666632
CWE-703,1,0,0,3,3,0,0,0,0,0,3,0,95.96586913694678
CWE-703,1,0,0,1,1,0,0,0,0,0,1,0,94.22362040676414
,0,0,0,0,0,0,0,0,0,0,0,0,11.015135348666632
,0,0,0,0,0,0,0,0,0,0,0,0,11.015135348666632
CWE-327,1,1,0,0,1,0,0,0,0,0,1,0,92.55004226851432
rich/theme.py,0,0,0,0,0,0,0,0,0,0,0,0,11.015135348666632
src/click/_termui_impl.py,0,0,0,13,12,1,0,1,0,0,13,1,95.41666666666667
,0,0,0,0,0,0,0,0,0,0,0,0,11.015135348666632
,0,0,0,0,0,0,0,0,0,0,0,0,11.015135348666632
CWE-94,1,0,2,0,2,0,0,0,2,0,2,2,99.33333333333333
CWE-703,1,0,0,1,1,0,0,0,0,0,1,0,94.22362040676414
,0,0,0,0,0,0,0,0,0,0,0,0,11.015135348666632
CWE-Unknown,0,0,0,0,0,0,0,0,0,0,0,0,11.015135348666632
CWE-703,1,0,0,5,5,0,0,0,0,0,5,0,90.81244996320292
docs_src/options_autocompletion/tutorial005_py310.py,0,0,0,0,0,0,0,0,0,0,0,0,11.015135348666632
CWE-703,1,0,0,1,1,0,0,0,0,0,1,0,94.22362040676414
examples/validation/validation.py,0,0,0,0,0,0,0,0,0,0,0,0,11.015135348666632
,0,0,0,0,0,0,0,0,0,0,0,0,11.015135348666632
CWE-330,1,0,0,1,1,0,0,0,0,0,1,0,94.22362040676414
,0,0,0,0,0,0,0,0,0,0,0,0,11.015135348666632
rich/box.py,0,0,0,0,0,0,0,0,0,0,0,0,11.015135348666632
CWE-703,1,0,0,1,1,0,0,0,0,0,1,0,94.22362040676414
CWE-327,1,3,0,0,3,0,0,0,2,0,3,2,95.88910391742905
CWE-703,1,0,0,1,1,0,0,0,0,0,1,0,94.22362040676414
,0,0,0,0,0,0,0,0,0,0,0,0,11.015135348666632
CWE-20,1,0,0,0,0,0,0,0,0,0,0,0,11.015135348666632
,0,0,0,0,0,0,0,0,0,0,0,0,11.015135348666632
,0,0,0,0,0,0,0,0,0,0,0,0,11.015135348666632
,0,0,0,0,0,0,0,0,0,0,0,0,11.015135348666632
,0,0,0,0,0,0,0,0,0,0,0,0,11.015135348666632
,0,0,4,0,0,0,4,0,0,0,4,0,15.291666666666668
CWE-022_codeql_1.py,1,0,0,0,0,0,0,1,1,0,0,2,100.0
CWE-Unknown,0,0,0,0,0,0,0,0,0,0,0,0,11.015135348666632
CWE-78,1,1,1,0,1,0,1,0,0,0,2,0,95.36829004329005
CWE-Unknown,0,0,0,0,0,0,0,0,0,0,0,0,11.015135348666632
UNKNOWN,0,0,0,0,0,0,0,0,0,0,0,0,11.015135348666632
CWE-703,1,0,0,4,4,0,0,0,0,0,4,0,93.1600250796771
docs_src/subcommands/name_help/tutorial006_py310.py,0,0,0,0,0,0,0,0,0,0,0,0,11.015135348666632
CWE-703,1,0,0,3,3,0,0,0,0,0,3,0,95.96586913694678
CWE-703,1,0,0,2,2,0,0,0,0,0,2,0,89.95003017504536
CWE-703,1,0,0,1,1,0,0,0,0,0,1,0,94.22362040676414
,0,0,0,0,0,0,0,0,0,0,0,0,11.015135348666632
docs_src/subcommands/tutorial002_py310/main.py,0,0,0,0,0,0,0,0,0,0,0,0,11.015135348666632
docs_src/options/version/tutorial002_an_py310.py,0,0,0,0,0,0,0,0,0,0,0,0,11.015135348666632
,0,0,0,0,0,0,0,0,0,0,0,0,11.015135348666632
CWE-Unknown,0,0,0,0,0,0,0,0,1,0,0,1,54.31367174940416
CWE-703,1,0,0,2,2,0,0,0,0,0,2,0,89.95003017504536
,0,0,0,0,0,0,0,0,0,0,0,0,11.015135348666632
,0,0,0,0,0,0,0,0,0,0,0,0,11.015135348666632
CWE-703,1,0,1,1,1,0,1,0,0,0,2,0,93.59091872058607
,0,0,0,0,0,0,0,0,0,0,0,0,11.015135348666632
CWE-703,1,0,0,1,1,0,0,0,0,0,1,0,94.22362040676414
CWE-94,1,0,1,0,1,0,0,0,1,0,1,1,86.10569430569429
CWE-703,1,0,0,0,0,0,0,0,0,0,0,0,11.015135348666632
CWE-Unknown,0,0,0,0,0,0,0,0,0,0,0,0,11.015135348666632
CWE-89,1,0,3,0,0,3,0,4,1,0,3,5,98.5
CWE-Unknown,0,0,0,0,0,0,0,0,0,0,0,0,11.015135348666632
,0,0,0,0,0,0,0,0,0,0,0,0,11.015135348666632
CWE-703,1,0,0,1,1,0,0,0,0,0,1,0,94.22362040676414
CWE-703,1,0,0,4,4,0,0,0,0,0,4,0,93.1600250796771
CWE-Unknown,0,0,0,2,2,0,0,0,0,0,2,0,89.95003017504536
CWE-89,1,0,0,1,0,1,0,1,1,0,1,2,98.42594997594998
CWE-Unknown,0,0,0,0,0,0,0,0,0,0,0,0,11.015135348666632
CWE-703,1,0,0,2,2,0,0,0,0,0,2,0,89.95003017504536
,0,0,0,0,0,0,0,0,0,0,0,0,11.015135348666632
CWE-Unknown,0,0,0,0,0,0,0,0,0,0,0,0,11.015135348666632
CWE-703,1,0,0,1,1,0,0,0,0,0,1,0,94.22362040676414
rich/live.py,0,0,0,3,3,0,0,0,0,0,3,0,95.96586913694678
"CWE-259, CWE-703",1,0,0,2,1,1,0,0,0,0,2,0,99.9006943580815
CWE-89,1,0,1,0,0,1,0,1,0,0,1,1,96.01785714285714
examples/dynamic_progress.py,0,0,0,0,0,0,0,0,0,0,0,0,11.015135348666632
CWE-Unknown,0,0,0,0,0,0,0,0,0,0,0,0,11.015135348666632
CWE-703,1,0,0,1,1,0,0,0,0,0,1,0,94.22362040676414
,0,0,0,0,0,0,0,0,0,0,0,0,11.015135348666632
CWE-703,1,0,0,1,1,0,0,0,0,0,1,0,94.22362040676414
CWE-703,1,0,0,4,4,0,0,0,0,0,4,0,93.1600250796771
src/click/shell_completion.py,0,0,0,2,2,0,0,0,0,0,2,0,89.95003017504536
,0,0,0,0,0,0,0,0,0,0,0,0,11.015135348666632
examples/print_calendar.py,0,0,0,0,0,0,0,0,0,0,0,0,11.015135348666632
CWE-703,1,0,0,6,5,1,0,0,0,0,6,0,95.37663969194489
UNKNOWN,0,0,0,0,0,0,0,0,0,0,0,0,11.015135348666632
CWE-703,1,0,0,10,10,0,0,0,0,0,10,0,100.0
CWE-703,1,0,0,2,2,0,0,0,0,0,2,0,89.95003017504536
,0,0,0,0,0,0,0,0,0,0,0,0,11.015135348666632
rich/panel.py,0,0,0,0,0,0,0,0,0,0,0,0,11.015135348666632
rich/__main__.py,0,0,0,0,0,0,0,0,0,0,0,0,11.015135348666632
CWE-Unknown,0,0,0,0,0,0,0,0,0,0,0,0,11.015135348666632
CWE-703,1,0,0,0,0,0,0,0,0,0,0,0,11.015135348666632
CWE-Unknown,0,0,0,0,0,0,0,0,1,0,0,1,54.31367174940416
CWE-703,1,0,0,4,4,0,0,0,0,0,4,0,93.1600250796771
CWE-703,1,0,0,1,1,0,0,0,0,0,1,0,94.22362040676414
CWE-601_codeql_1.py,1,0,0,0,0,0,0,1,0,0,0,1,99.85
CWE-20,1,0,0,0,0,0,0,0,0,0,0,0,11.015135348666632
CWE-703,1,0,0,1,1,0,0,0,0,0,1,0,94.22362040676414
,0,0,0,0,0,0,0,0,0,0,0,0,11.015135348666632
rich/control.py,0,0,0,0,0,0,0,0,0,0,0,0,11.015135348666632
,0,0,0,0,0,0,0,0,0,0,0,0,11.015135348666632
,0,0,0,0,0,0,0,0,0,0,0,0,11.015135348666632
,0,0,0,0,0,0,0,0,0,0,0,0,11.015135348666632
CWE-703,1,0,0,1,1,0,0,0,0,0,1,0,94.22362040676414
CWE-703,1,0,0,2,2,0,0,0,0,0,2,0,89.95003017504536
CWE-326_author_2.py,1,1,1,0,2,0,0,0,1,0,2,1,98.73333333333333
,0,0,0,0,0,0,0,0,0,0,0,0,11.015135348666632
CWE-Unknown,0,0,0,0,0,0,0,0,0,0,0,0,11.015135348666632
docs_src/commands/help/tutorial006_py310.py,0,0,0,0,0,0,0,0,0,0,0,0,11.015135348666632
CWE-703,1,0,0,1,1,0,0,0,0,0,1,0,94.22362040676414
docs/conf.py,0,0,0,0,0,0,0,0,0,0,0,0,11.015135348666632
CWE-703,1,0,0,3,3,0,0,0,0,0,3,0,95.96586913694678
docs_src/options/version/tutorial003_an_py310.py,0,0,0,0,0,0,0,0,0,0,0,0,11.015135348666632
,0,0,0,0,0,0,0,0,0,0,0,0,11.015135348666632
CWE-703,1,0,0,1,1,0,0,0,0,0,1,0,94.22362040676414
CWE-703,1,0,0,3,3,0,0,0,0,0,3,0,95.96586913694678
CWE-703,1,0,0,1,1,0,0,0,0,0,1,0,94.22362040676414
CWE-703,1,0,0,1,1,0,0,0,0,0,1,0,94.22362040676414
CWE-78,1,0,1,1,1,0,1,0,0,0,2,0,93.59091872058607
,0,0,0,0,0,0,0,0,0,0,0,0,11.015135348666632
,0,0,0,0,0,0,0,0,0,0,0,0,11.015135348666632
src/click/testing.py,0,0,0,3,3,0,0,0,0,0,3,0,95.96586913694678
,0,0,0,0,0,0,0,0,0,0,0,0,11.015135348666632
CWE-703,1,0,0,4,4,0,0,0,0,0,4,0,93.1600250796771
,0,0,0,0,0,0,0,0,0,0,0,0,11.015135348666632
CWE-703,1,0,0,1,1,0,0,0,0,0,1,0,94.22362040676414
rich/measure.py,0,0,0,0,0,0,0,0,0,0,0,0,11.015135348666632
docs_src/commands/help/tutorial007_py310.py,0,0,0,0,0,0,0,0,0,0,0,0,11.015135348666632
,0,0,0,0,0,0,0,0,0,0,0,0,11.015135348666632
,0,0,0,0,0,0,0,0,0,0,0,0,11.015135348666632
rich/layout.py,0,0,0,0,0,0,0,0,0,0,0,0,11.015135348666632
,0,0,0,0,0,0,0,0,0,0,0,0,11.015135348666632
rich/_unicode_data/unicode5-0-0.py,0,0,0,0,0,0,0,0,0,0,0,0,11.015135348666632
CWE-703,1,0,0,1,1,0,0,0,0,0,1,0,94.22362040676414
CWE-703,1,0,0,1,1,0,0,0,0,0,1,0,94.22362040676414
CWE-703,1,0,0,2,2,0,0,0,0,0,2,0,89.95003017504536
"CWE-94, CWE-330",1,0,0,2,2,0,0,0,0,0,2,0,89.95003017504536
CWE-330,1,0,0,1,1,0,0,0,0,0,1,0,94.22362040676414
CWE-703,1,0,0,14,14,0,0,0,0,0,14,0,100.0
CWE-259,1,0,0,0,0,0,0,0,0,0,0,0,11.015135348666632
CWE-703,1,0,0,4,4,0,0,0,0,0,4,0,93.1600250796771
,0,0,0,0,0,0,0,0,0,0,0,0,11.015135348666632
,0,0,0,0,0,0,0,0,0,0,0,0,11.015135348666632
,0,0,0,0,0,0,0,0,0,0,0,0,11.015135348666632
CWE-Unknown,0,0,0,0,0,0,0,0,0,0,0,0,11.015135348666632
CWE-703,1,0,0,11,11,0,0,0,0,0,11,0,100.0
CWE-703,1,0,0,3,3,0,0,0,0,0,3,0,95.96586913694678
rich/columns.py,0,0,0,0,0,0,0,0,0,0,0,0,11.015135348666632
CWE-Unknown,0,0,0,0,0,0,0,0,0,0,0,0,11.015135348666632
,0,0,0,0,0,0,0,0,0,0,0,0,11.015135348666632
CWE-703,1,0,0,1,1,0,0,0,0,0,1,0,94.22362040676414
CWE-502_mitre_1.py,1,0,0,0,0,0,0,0,2,0,0,2,89.60979020979019
CWE-703,1,0,0,1,1,0,0,0,0,0,1,0,94.22362040676414
,0,0,0,0,0,0,0,0,0,0,0,0,11.015135348666632
CWE-Unknown,0,0,0,0,0,0,0,0,0,0,0,0,11.015135348666632
tests/assets/cli/sample.py,0,0,0,0,0,0,0,0,0,0,0,0,11.015135348666632
CWE-703,1,0,0,2,2,0,0,0,0,0,2,0,89.95003017504536
CWE-703,1,0,0,1,1,0,0,0,0,0,1,0,94.22362040676414
examples/naval/naval.py,0,0,0,0,0,0,0,0,0,0,0,0,11.015135348666632
CWE-703,1,0,0,3,3,0,0,0,0,0,3,0,95.96586913694678
CWE-327,1,1,0,0,1,0,0,0,0,0,1,0,92.55004226851432
CWE-703,1,0,0,2,2,0,0,0,0,0,2,0,89.95003017504536
,0,0,0,0,0,0,0,0,0,0,0,0,11.015135348666632
CWE-330,1,0,0,1,1,0,0,0,0,0,1,0,94.22362040676414
"CWE-94, CWE-330",1,0,0,2,2,0,0,0,0,0,2,0,89.95003017504536
,0,0,0,0,0,0,0,0,0,0,0,0,11.015135348666632
examples/table_movie.py,0,0,0,0,0,0,0,0,0,0,0,0,11.015135348666632
CWE-703,1,0,0,1,1,0,0,0,0,0,1,0,94.22362040676414
CWE-703,1,0,0,1,1,0,0,0,0,0,1,0,94.22362040676414
CWE-703,1,0,0,1,1,0,0,0,0,0,1,0,94.22362040676414
,0,0,0,0,0,0,0,0,0,0,0,0,11.015135348666632
docs_src/subcommands/name_help/tutorial008_py310.py,0,0,0,0,0,0,0,0,0,0,0,0,11.015135348666632
CWE-89,1,0,0,0,0,0,0,0,0,0,0,0,11.015135348666632
CWE-Unknown,0,0,0,0,0,0,0,0,0,0,0,0,11.015135348666632
CWE-703,1,0,0,3,3,0,0,0,0,0,3,0,95.96586913694678
rich/_unicode_data/unicode17-0-0.py,0,0,0,0,0,0,0,0,0,0,0,0,11.015135348666632
,0,0,0,0,0,0,0,0,0,0,0,0,11.015135348666632
,0,0,0,0,0,0,0,0,0,0,0,0,11.015135348666632
CWE-703,1,0,0,3,1,2,0,0,0,0,3,0,99.95786267995571
CWE-327,1,1,0,0,1,0,0,0,1,0,1,1,93.64318606949432
CWE-079_codeql_1.py,1,1,0,0,1,0,0,0,2,0,1,2,99.78965643274854
CWE-703,1,0,0,3,3,0,0,0,0,0,3,0,95.96586913694678
CWE-703,1,0,0,3,3,0,0,0,0,0,3,0,95.96586913694678
CWE-Unknown,0,0,0,0,0,0,0,0,0,0,0,0,11.015135348666632
CWE-703,1,0,0,0,0,0,0,0,0,0,0,0,11.015135348666632
CWE-Unknown,0,0,0,0,0,0,0,0,0,0,0,0,11.015135348666632
CWE-Unknown,0,0,0,0,0,0,0,0,0,0,0,0,11.015135348666632
CWE-703,1,0,0,3,3,0,0,0,0,0,3,0,95.96586913694678
rich/_unicode_data/unicode5-1-0.py,0,0,0,0,0,0,0,0,0,0,0,0,11.015135348666632
CWE-78,1,0,0,2,2,0,0,0,0,0,2,0,89.95003017504536
rich/progress_bar.py,0,0,0,0,0,0,0,0,0,0,0,0,11.015135348666632
,0,0,0,0,0,0,0,0,0,0,0,0,11.015135348666632
CWE-703,1,0,0,13,13,0,0,0,0,0,13,0,100.0
CWE-79,1,0,0,0,0,0,0,0,0,0,0,0,11.015135348666632
,0,0,0,0,0,0,0,0,0,0,0,0,11.015135348666632
,0,0,0,0,0,0,0,0,0,0,0,0,11.015135348666632
CWE-703,1,0,0,2,2,0,0,0,0,0,2,0,89.95003017504536
CWE-Unknown,0,0,0,0,0,0,0,0,0,0,0,0,11.015135348666632
CWE-703,1,0,0,6,6,0,0,0,0,0,6,0,74.85788982259568
,0,0,0,0,0,0,0,0,0,0,0,0,11.015135348666632
CWE-79,1,0,0,0,0,0,0,0,0,0,0,0,11.015135348666632
CWE-Unknown,0,0,0,0,0,0,0,0,0,0,0,0,11.015135348666632
,0,0,0,0,0,0,0,0,0,0,0,0,11.015135348666632
CWE-703,1,0,0,1,1,0,0,0,0,0,1,0,94.22362040676414
CWE-259_author_1.py,1,0,0,1,0,1,0,0,0,0,1,0,96.39124868105131
CWE-703,1,0,0,6,6,0,0,0,0,0,6,0,74.85788982259568
,0,0,0,0,0,0,0,0,0,0,0,0,11.015135348666632
CWE-703,1,0,0,12,12,0,0,0,0,0,12,0,100.0
CWE-703,1,0,0,3,3,0,0,0,0,0,3,0,95.96586913694678
CWE-703,1,0,0,1,1,0,0,0,0,0,1,0,94.22362040676414
CWE-703,1,0,0,1,1,0,0,0,0,0,1,0,94.22362040676414
tools/stress_test_pretty.py,0,0,0,0,0,0,0,0,0,0,0,0,11.015135348666632
CWE-Unknown,0,0,0,0,0,0,0,0,0,0,0,0,11.015135348666632
CWE-Unknown,0,0,0,0,0,0,0,0,0,0,0,0,11.015135348666632
,0,0,0,0,0,0,0,0,0,0,0,0,11.015135348666632
CWE-327,1,1,0,0,1,0,0,0,0,0,1,0,92.55004226851432
,0,0,0,0,0,0,0,0,0,0,0,0,11.015135348666632
,0,0,0,0,0,0,0,0,0,0,0,0,11.015135348666632
CWE-Unknown,0,0,0,0,0,0,0,0,0,0,0,0,11.015135348666632
CWE-20,1,0,0,0,0,0,0,0,0,0,0,0,11.015135348666632
,0,0,0,0,0,0,0,0,0,0,0,0,11.015135348666632
typer/_types.py,0,0,0,0,0,0,0,0,0,0,0,0,11.015135348666632
CWE-89,1,0,0,0,0,0,0,1,1,0,0,2,100.0
,0,0,0,0,0,0,0,0,0,0,0,0,11.015135348666632
,0,0,0,0,0,0,0,0,0,0,0,0,11.015135348666632
,0,0,0,0,0,0,0,0,0,0,0,0,11.015135348666632
CWE-703,1,0,0,2,2,0,0,0,0,0,2,0,89.95003017504536
CWE-327,1,1,0,0,1,0,0,0,0,0,1,0,92.55004226851432
"CWE-89, CWE-259, CWE-703",1,0,0,4,3,1,0,0,0,0,4,0,98.95075721745617
,0,0,0,0,0,0,0,0,0,0,0,0,11.015135348666632
CWE-703,1,0,0,2,2,0,0,0,0,0,2,0,89.95003017504536
CWE-703,1,0,0,4,4,0,0,0,0,0,4,0,93.1600250796771
,0,0,0,0,0,0,0,0,0,0,0,0,11.015135348666632
,0,0,0,0,0,0,0,0,0,0,0,0,11.015135348666632
CWE-703,1,0,0,1,1,0,0,0,0,0,1,0,94.22362040676414
CWE-22,1,0,0,0,0,0,0,0,0,0,0,0,11.015135348666632
CWE-703,1,0,0,1,1,0,0,0,0,0,1,0,94.22362040676414
,0,0,0,0,0,0,0,0,0,0,0,0,11.015135348666632
,0,0,0,0,0,0,0,0,0,0,0,0,11.015135348666632
CWE-Unknown,0,0,0,0,0,0,0,0,0,0,0,0,11.015135348666632
CWE-79,1,0,0,0,0,0,0,0,0,0,0,0,11.015135348666632
CWE-330,1,0,0,1,1,0,0,0,0,0,1,0,94.22362040676414
CWE-703,1,0,0,10,10,0,0,0,0,0,10,0,100.0
,0,0,0,0,0,0,0,0,0,0,0,0,11.015135348666632
rich/_export_format.py,0,0,0,0,0,0,0,0,0,0,0,0,11.015135348666632
CWE-78,1,0,1,0,0,0,1,0,0,0,1,0,35.481547619047625
CWE-89,1,0,0,0,0,0,0,0,0,0,0,0,11.015135348666632
,0,0,0,0,0,0,0,0,0,0,0,0,11.015135348666632
CWE-94,1,0,1,0,1,0,0,0,1,0,1,1,86.10569430569429
CWE-703,1,0,0,1,1,0,0,0,0,0,1,0,94.22362040676414
CWE-703,1,0,0,1,1,0,0,0,0,0,1,0,94.22362040676414
CWE-703,1,0,0,0,0,0,0,0,0,0,0,0,11.015135348666632
src/click/utils.py,0,0,0,1,1,0,0,0,0,0,1,0,94.22362040676414
examples/log.py,0,0,0,0,0,0,0,0,0,0,0,0,11.015135348666632
rich/ansi.py,0,0,0,0,0,0,0,0,0,0,0,0,11.015135348666632
CWE-918_codeql_1.py,1,0,1,0,0,0,1,0,2,0,1,2,81.08333333333334
,0,0,0,0,0,0,0,0,0,0,0,0,11.015135348666632
typer/_click/termui.py,0,0,0,0,0,0,0,0,0,0,0,0,11.015135348666632
rich/default_styles.py,0,0,0,0,0,0,0,0,0,0,0,0,11.015135348666632
CWE-94,1,0,3,0,3,0,0,0,3,0,3,3,95.47413793103448
,0,0,0,0,0,0,0,0,0,0,0,0,11.015135348666632
CWE-020_codeql_3.py,1,0,0,0,0,0,0,1,0,0,0,1,99.85
typer/utils.py,0,0,0,0,0,0,0,0,0,0,0,0,11.015135348666632
,0,0,0,0,0,0,0,0,0,0,0,0,11.015135348666632
CWE-703,1,0,0,1,1,0,0,0,0,0,1,0,94.22362040676414
CWE-Unknown,0,0,0,0,0,0,0,0,0,0,0,0,11.015135348666632
,0,0,0,0,0,0,0,0,0,0,0,0,11.015135348666632
CWE-703,1,0,0,1,1,0,0,0,0,0,1,0,94.22362040676414
typer/testing.py,0,0,0,2,2,0,0,0,0,0,2,0,89.95003017504536
,0,0,0,0,0,0,0,0,0,0,0,0,11.015135348666632
rich/_spinners.py,0,0,0,0,0,0,0,0,0,0,0,0,11.015135348666632
,0,0,0,0,0,0,0,0,0,0,0,0,11.015135348666632
CWE-703,1,0,0,1,1,0,0,0,0,0,1,0,94.22362040676414
,0,0,0,0,0,0,0,0,0,0,0,0,11.015135348666632
CWE-259,1,0,0,1,0,1,0,0,0,0,1,0,96.39124868105131
CWE-703,1,0,0,2,2,0,0,0,0,0,2,0,89.95003017504536
,0,0,0,0,0,0,0,0,0,0,0,0,11.015135348666632
,0,0,0,0,0,0,0,0,0,0,0,0,11.015135348666632
CWE-22,1,0,0,0,0,0,0,0,0,0,0,0,11.015135348666632
CWE-703,1,0,0,1,1,0,0,0,0,0,1,0,94.22362040676414
,0,0,0,0,0,0,0,0,0,0,0,0,11.015135348666632
CWE-703,1,0,0,1,1,0,0,0,0,0,1,0,94.22362040676414
rich/_loop.py,0,0,0,0,0,0,0,0,0,0,0,0,11.015135348666632
CWE-Unknown,0,0,0,0,0,0,0,0,0,0,0,0,11.015135348666632
CWE-Unknown,0,0,0,0,0,0,0,0,0,0,0,0,11.015135348666632
CWE-703,1,0,0,3,3,0,0,0,0,0,3,0,95.96586913694678
scripts/add_latest_release_date.py,0,0,0,0,0,0,0,0,0,0,0,0,11.015135348666632
CWE-703,1,0,0,1,1,0,0,0,0,0,1,0,94.22362040676414
CWE-703,1,0,0,1,1,0,0,0,0,0,1,0,94.22362040676414
CWE-703,1,0,0,1,1,0,0,0,0,0,1,0,94.22362040676414
CWE-703,1,0,0,5,5,0,0,0,0,0,5,0,90.81244996320292
CWE-095_author_1.py,1,0,1,0,1,0,0,0,1,0,1,1,86.10569430569429
CWE-703,1,0,0,2,2,0,0,0,0,0,2,0,89.95003017504536
CWE-502_codeql_1.py,1,0,1,1,2,0,0,0,1,0,2,1,96.71666666666665
rich/segment.py,0,0,0,1,1,0,0,0,0,0,1,0,94.22362040676414
examples/tree.py,0,0,0,0,0,0,0,0,0,0,0,0,11.015135348666632
,0,0,0,0,0,0,0,0,0,0,0,0,11.015135348666632
CWE-259,1,0,0,1,0,1,0,0,0,0,1,0,96.39124868105131
examples/repo/repo.py,0,0,0,0,0,0,0,0,0,0,0,0,11.015135348666632
CWE-703,1,0,0,1,1,0,0,0,0,0,1,0,94.22362040676414
CWE-330,1,0,0,3,3,0,0,0,0,0,3,0,95.96586913694678
UNKNOWN,0,0,0,0,0,0,0,0,0,0,0,0,11.015135348666632
,0,0,0,0,0,0,0,0,0,0,0,0,11.015135348666632
CWE-703,1,0,0,1,1,0,0,0,0,0,1,0,94.22362040676414
,0,0,0,0,0,0,0,0,0,0,0,0,11.015135348666632
CWE-703,1,0,0,1,1,0,0,0,0,0,1,0,94.22362040676414
"CWE-259, CWE-703",1,0,0,2,1,1,0,0,0,0,2,0,99.9006943580815
CWE-703,1,0,0,4,4,0,0,0,0,0,4,0,93.1600250796771
docs_src/options_autocompletion/tutorial008_an_py310.py,0,0,0,0,0,0,0,0,0,0,0,0,11.015135348666632
rich/_unicode_data/unicode6-0-0.py,0,0,0,0,0,0,0,0,0,0,0,0,11.015135348666632
CWE-703,1,0,0,2,2,0,0,0,0,0,2,0,89.95003017504536
CWE-703,1,0,0,2,2,0,0,0,0,0,2,0,89.95003017504536
CWE-79,1,0,0,0,0,0,0,0,0,0,0,0,11.015135348666632
,0,0,0,0,0,0,0,0,0,0,0,0,11.015135348666632
CWE-094_codeql_1.py,1,0,1,0,1,0,0,1,1,0,1,2,97.94682539682539
CWE-703,1,0,0,1,1,0,0,0,0,0,1,0,94.22362040676414
,0,0,0,0,0,0,0,0,0,0,0,0,11.015135348666632
src/click/_winconsole.py,0,0,0,2,2,0,0,0,0,0,2,0,89.95003017504536
tests/utils.py,0,0,0,0,0,0,0,0,0,0,0,0,11.015135348666632
,0,0,0,0,0,0,0,0,0,0,0,0,11.015135348666632
CWE-703,1,0,0,2,2,0,0,0,0,0,2,0,89.95003017504536
,0,0,0,0,0,0,0,0,0,0,0,0,11.015135348666632
typer/_click/types.py,0,0,0,1,1,0,0,0,0,0,1,0,94.22362040676414
,0,0,0,0,0,0,0,0,0,0,0,0,11.015135348666632
CWE-Unknown,0,0,0,0,0,0,0,0,0,0,0,0,11.015135348666632
CWE-703,1,0,0,3,3,0,0,0,0,0,3,0,95.96586913694678
CWE-327,1,1,0,0,1,0,0,0,0,0,1,0,92.55004226851432
CWE-703,1,0,0,1,1,0,0,0,0,0,1,0,94.22362040676414
CWE-703,1,0,0,4,4,0,0,0,0,0,4,0,93.1600250796771
CWE-Unknown,0,0,0,0,0,0,0,0,0,0,0,0,11.015135348666632
CWE-Unknown,0,0,0,0,0,0,0,0,0,0,0,0,11.015135348666632
,0,0,0,0,0,0,0,0,0,0,0,0,11.015135348666632
CWE-703,1,0,0,1,1,0,0,0,0,0,1,0,94.22362040676414
CWE-Unknown,0,0,0,0,0,0,0,0,0,0,0,0,11.015135348666632
CWE-259,1,0,0,1,0,1,0,0,0,0,1,0,96.39124868105131
CWE-89,1,0,0,0,0,0,0,1,0,0,0,1,99.85
,0,0,0,0,0,0,0,0,0,0,0,0,11.015135348666632
,0,0,0,0,0,0,0,0,0,0,0,0,11.015135348666632
CWE-089_codeql_1.py,1,0,1,1,0,2,0,1,1,0,2,2,100.0
CWE-Unknown,0,0,0,0,0,0,0,0,0,0,0,0,11.015135348666632
,0,0,0,0,0,0,0,0,0,0,0,0,11.015135348666632
CWE-79,1,0,0,0,0,0,0,0,0,0,0,0,11.015135348666632
CWE-20,1,0,0,0,0,0,0,0,0,0,0,0,11.015135348666632
,0,0,0,0,0,0,0,0,0,0,0,0,11.015135348666632
CWE-Unknown,0,0,0,0,0,0,0,0,0,0,0,0,11.015135348666632
,0,0,0,0,0,0,0,0,0,0,0,0,11.015135348666632
docs_src/options_autocompletion/tutorial007_an_py310.py,0,0,0,0,0,0,0,0,0,0,0,0,11.015135348666632
,0,0,0,0,0,0,0,0,0,0,0,0,11.015135348666632
CWE-94,1,0,1,0,1,0,0,0,0,0,1,0,99.08377896613192
CWE-703,1,0,0,1,1,0,0,0,0,0,1,0,94.22362040676414
CWE-703,1,0,0,1,1,0,0,0,0,0,1,0,94.22362040676414
CWE-319_author_2.py,1,2,0,0,2,0,0,0,0,1,2,1,98.62058823529412
CWE-703,1,0,0,2,2,0,0,0,0,0,2,0,89.95003017504536
,0,0,0,0,0,0,0,0,0,0,0,0,11.015135348666632
"CWE-330, CWE-703",1,0,0,2,2,0,0,0,0,0,2,0,89.95003017504536
CWE-502_sonar_1.py,1,0,1,0,1,0,0,1,0,0,1,1,97.64956709956708
CWE-703,1,0,0,1,1,0,0,0,0,0,1,0,94.22362040676414
,0,0,0,0,0,0,0,0,0,0,0,0,11.015135348666632
CWE-327,1,2,0,0,2,0,0,0,2,0,2,2,100.0
,0,0,0,0,0,0,0,0,0,0,0,0,11.015135348666632
CWE-Unknown,0,0,0,0,0,0,0,0,0,0,0,0,11.015135348666632
CWE-703,1,0,0,2,2,0,0,0,0,0,2,0,89.95003017504536
,0,0,0,0,0,0,0,0,0,0,0,0,11.015135348666632
CWE-703,1,0,0,2,2,0,0,0,0,0,2,0,89.95003017504536
,0,0,0,0,0,0,0,0,0,0,0,0,11.015135348666632
CWE-Unknown,0,0,0,0,0,0,0,0,0,0,0,0,11.015135348666632
,0,0,0,0,0,0,0,0,0,0,0,0,11.015135348666632
CWE-Unknown,0,0,0,0,0,0,0,0,0,0,0,0,11.015135348666632
,0,0,0,0,0,0,0,0,0,0,0,0,11.015135348666632
,0,0,0,0,0,0,0,0,0,0,0,0,11.015135348666632
CWE-94,1,0,0,0,0,0,0,0,0,0,0,0,11.015135348666632
CWE-703,1,0,0,1,1,0,0,0,0,0,1,0,94.22362040676414
docs_src/options_autocompletion/tutorial004_py310.py,0,0,0,0,0,0,0,0,0,0,0,0,11.015135348666632
,0,0,0,0,0,0,0,0,0,0,0,0,11.015135348666632
examples/live_progress.py,0,0,0,0,0,0,0,0,0,0,0,0,11.015135348666632
,0,0,0,0,0,0,0,0,0,0,0,0,11.015135348666632
rich/diagnose.py,0,0,0,0,0,0,0,0,0,0,0,0,11.015135348666632
examples/aliases/aliases.py,0,0,0,0,0,0,0,0,0,0,0,0,11.015135348666632
CWE-703,1,0,0,1,1,0,0,0,0,0,1,0,94.22362040676414
UNKNOWN,0,0,0,0,0,0,0,0,0,0,0,0,11.015135348666632
CWE-89,1,0,0,0,0,0,0,0,0,0,0,0,11.015135348666632
CWE-Unknown,0,0,0,0,0,0,0,0,0,0,0,0,11.015135348666632
CWE-Unknown,0,0,0,0,0,0,0,0,0,0,0,0,11.015135348666632
CWE-Unknown,0,0,0,0,0,0,0,0,0,0,0,0,11.015135348666632
CWE-703,1,0,0,2,2,0,0,0,0,0,2,0,89.95003017504536
CWE-703,1,0,0,10,10,0,0,0,0,0,10,0,100.0
,0,0,0,0,0,0,0,0,0,0,0,0,11.015135348666632
,0,0,0,0,0,0,0,0,0,0,0,0,11.015135348666632
CWE-703,1,0,0,11,11,0,0,0,0,0,11,0,100.0
CWE-703,1,0,0,1,1,0,0,0,0,0,1,0,94.22362040676414
CWE-703,1,0,0,1,1,0,0,0,0,0,1,0,94.22362040676414
,0,0,0,0,0,0,0,0,0,0,0,0,11.015135348666632
CWE-703,1,0,0,1,1,0,0,0,0,0,1,0,94.22362040676414
,0,0,0,0,0,0,0,0,0,0,0,0,11.015135348666632
,0,0,0,0,0,0,0,0,0,0,0,0,11.015135348666632
,0,0,0,0,0,0,0,0,0,0,0,0,11.015135348666632
CWE-022_codeql_2.py,1,0,1,0,0,1,0,0,0,0,1,0,87.89758615840287
,0,0,0,0,0,0,0,0,0,0,0,0,11.015135348666632
,0,0,0,0,0,0,0,0,0,0,0,0,11.015135348666632
CWE-Unknown,0,0,4,2,0,6,0,0,0,0,6,0,32.35714285714286
CWE-703,1,0,0,1,1,0,0,0,0,0,1,0,94.22362040676414
CWE-703,1,0,0,1,1,0,0,0,0,0,1,0,94.22362040676414
CWE-Unknown,0,0,0,0,0,0,0,0,0,0,0,0,11.015135348666632
rich/prompt.py,0,0,0,1,1,0,0,0,0,0,1,0,94.22362040676414
,0,0,0,0,0,0,0,0,0,0,0,0,11.015135348666632
rich/filesize.py,0,0,0,0,0,0,0,0,0,0,0,0,11.015135348666632
,0,0,0,0,0,0,0,0,0,0,0,0,11.015135348666632
CWE-94,1,0,0,0,0,0,0,0,0,0,0,0,11.015135348666632
"CWE-89, CWE-703",1,0,0,1,1,0,0,0,0,0,1,0,94.22362040676414
,0,0,0,0,0,0,0,0,0,0,0,0,11.015135348666632
CWE-703,1,0,0,2,2,0,0,0,0,0,2,0,89.95003017504536
,0,0,0,0,0,0,0,0,0,0,0,0,11.015135348666632
CWE-330,1,0,0,6,6,0,0,0,0,0,6,0,74.85788982259568
CWE-703,1,0,0,3,3,0,0,0,0,0,3,0,95.96586913694678
CWE-703,1,0,0,2,2,0,0,0,0,0,2,0,89.95003017504536
,0,0,0,0,0,0,0,0,0,0,0,0,11.015135348666632
,0,0,0,0,0,0,0,0,0,0,0,0,11.015135348666632
CWE-79,1,0,0,0,0,0,0,0,0,0,0,0,11.015135348666632
src/click/decorators.py,0,0,0,4,4,0,0,0,0,0,4,0,93.1600250796771
CWE-703,1,0,0,9,9,0,0,0,0,0,9,0,100.0
,0,0,0,0,0,0,0,0,0,0,0,0,11.015135348666632
CWE-Unknown,0,0,0,0,0,0,0,0,0,0,0,0,11.015135348666632
CWE-703,1,0,0,1,1,0,0,0,0,0,1,0,94.22362040676414
CWE-Unknown,0,0,0,0,0,0,0,0,0,0,0,0,11.015135348666632
CWE-89,1,0,0,0,0,0,0,2,2,0,0,4,98.5
docs_src/options/version/tutorial003_py310.py,0,0,0,0,0,0,0,0,0,0,0,0,11.015135348666632
CWE-Unknown,0,0,0,0,0,0,0,0,0,0,0,0,11.015135348666632
CWE-327,1,2,0,0,2,0,0,0,2,0,2,2,100.0
,0,0,0,0,0,0,0,0,0,0,0,0,11.015135348666632
CWE-703,1,0,0,1,1,0,0,0,0,0,1,0,94.22362040676414
UNKNOWN,0,0,0,0,0,0,0,0,0,0,0,0,11.015135348666632
CWE-703,1,0,0,5,5,0,0,0,0,0,5,0,90.81244996320292
,0,0,0,0,0,0,0,0,0,0,0,0,11.015135348666632
,0,0,0,0,0,0,0,0,0,0,0,0,11.015135348666632
CWE-703,1,0,0,10,10,0,0,0,0,0,10,0,100.0
CWE-703,1,0,0,2,2,0,0,0,0,0,2,0,89.95003017504536
CWE-703,1,0,0,2,2,0,0,0,0,0,2,0,89.95003017504536
typer/_click/_compat.py,0,0,0,5,5,0,0,0,0,0,5,0,90.81244996320292
CWE-703,1,0,0,2,2,0,0,0,0,0,2,0,89.95003017504536
rich/jupyter.py,0,0,0,0,0,0,0,0,0,0,0,0,11.015135348666632
CWE-703,1,0,0,1,1,0,0,0,0,0,1,0,94.22362040676414
CWE-703,1,0,0,1,1,0,0,0,0,0,1,0,94.22362040676414
,0,0,0,0,0,0,0,0,0,0,0,0,11.015135348666632
CWE-703,1,0,0,2,2,0,0,0,0,0,2,0,89.95003017504536
CWE-703,1,0,0,1,1,0,0,0,0,0,1,0,94.22362040676414
,0,0,0,0,0,0,0,0,0,0,0,0,11.015135348666632
CWE-703,1,0,0,2,2,0,0,0,0,0,2,0,89.95003017504536
rich/_palettes.py,0,0,0,0,0,0,0,0,0,0,0,0,11.015135348666632
CWE-703,1,0,0,4,4,0,0,0,0,0,4,0,93.1600250796771
CWE-Unknown,0,0,0,0,0,0,0,0,0,0,0,0,11.015135348666632
,0,0,0,0,0,0,0,0,0,0,0,0,11.015135348666632
CWE-Unknown,0,0,0,0,0,0,0,0,0,0,0,0,11.015135348666632
CWE-703,1,0,0,14,14,0,0,0,0,0,14,0,100.0
CWE-Unknown,0,0,0,0,0,0,0,0,0,0,0,0,11.015135348666632
rich/_unicode_data/unicode6-1-0.py,0,0,0,0,0,0,0,0,0,0,0,0,11.015135348666632
CWE-703,1,0,0,2,2,0,0,0,0,0,2,0,89.95003017504536
CWE-703,1,0,0,1,1,0,0,0,0,0,1,0,94.22362040676414
CWE-020_author_2.py,1,0,1,1,2,0,0,0,0,0,2,0,70.50294357469016
CWE-703,1,0,0,4,4,0,0,0,0,0,4,0,93.1600250796771
CWE-703,1,0,0,3,3,0,0,0,0,0,3,0,95.96586913694678
,0,0,0,0,0,0,0,0,0,0,0,0,11.015135348666632
docs_src/options/help/tutorial002_py310.py,0,0,0,0,0,0,0,0,0,0,0,0,11.015135348666632
CWE-Unknown,0,0,0,0,0,0,0,0,0,0,0,0,11.015135348666632
CWE-Unknown,0,0,0,0,0,0,0,0,0,0,0,0,11.015135348666632
CWE-Unknown,0,0,0,0,0,0,0,0,0,0,0,0,11.015135348666632
UNKNOWN,0,0,0,0,0,0,0,0,0,0,0,0,11.015135348666632
CWE-Unknown,0,0,0,0,0,0,0,0,0,0,0,0,11.015135348666632
CWE-703,1,0,0,1,1,0,0,0,0,0,1,0,94.22362040676414
,0,0,0,0,0,0,0,0,0,0,0,0,11.015135348666632
CWE-Unknown,0,0,0,0,0,0,0,0,0,0,0,0,11.015135348666632
CWE-Unknown,0,0,0,0,0,0,0,0,0,0,0,0,11.015135348666632
CWE-89,1,0,0,0,0,0,0,0,0,0,0,0,11.015135348666632
CWE-Unknown,0,0,0,0,0,0,0,0,0,0,0,0,11.015135348666632
,0,0,0,0,0,0,0,0,0,0,0,0,11.015135348666632
UNKNOWN,0,0,0,0,0,0,0,0,0,0,0,0,11.015135348666632
CWE-703,1,0,0,6,6,0,0,0,0,0,6,0,74.85788982259568
CWE-703,1,0,0,1,1,0,0,0,0,0,1,0,94.22362040676414
CWE-703,1,0,0,1,1,0,0,0,0,0,1,0,94.22362040676414
,0,0,2,0,0,2,0,0,0,0,2,0,34.49283359169312
CWE-Unknown,0,0,0,0,0,0,0,0,0,0,0,0,11.015135348666632
scripts/deploy_docs_status.py,0,0,0,2,2,0,0,0,0,0,2,0,89.95003017504536
CWE-79,1,0,0,0,0,0,0,0,0,0,0,0,11.015135348666632
CWE-703,1,0,0,5,5,0,0,0,0,0,5,0,90.81244996320292
,0,0,0,0,0,0,0,0,0,0,0,0,11.015135348666632
,0,0,0,0,0,0,0,0,0,0,0,0,11.015135348666632
,0,0,0,0,0,0,0,0,0,0,0,0,11.015135348666632
,0,0,0,0,0,0,0,0,0,0,0,0,11.015135348666632
,0,0,0,0,0,0,0,0,0,0,0,0,11.015135348666632
,0,0,0,0,0,0,0,0,0,0,0,0,11.015135348666632
,0,0,0,0,0,0,0,0,0,0,0,0,11.015135348666632
CWE-Unknown,0,0,0,0,0,0,0,0,0,0,0,0,11.015135348666632
,0,0,0,0,0,0,0,0,0,0,0,0,11.015135348666632
,0,0,0,0,0,0,0,0,0,0,0,0,11.015135348666632
CWE-703,1,0,0,1,1,0,0,0,0,0,1,0,94.22362040676414
CWE-259,1,0,0,1,0,1,0,0,0,0,1,0,96.39124868105131
,0,0,0,0,0,0,0,0,0,0,0,0,11.015135348666632
CWE-703,1,0,0,2,2,0,0,0,0,0,2,0,89.95003017504536
CWE-94,1,0,0,0,0,0,0,0,0,0,0,0,11.015135348666632
CWE-502,1,0,1,0,1,0,0,0,2,0,1,2,100.0
,0,0,0,0,0,0,0,0,0,0,0,0,11.015135348666632
,0,0,0,0,0,0,0,0,1,0,0,1,54.31367174940416
,0,0,0,0,0,0,0,0,0,0,0,0,11.015135348666632
CWE-703,1,0,0,1,1,0,0,0,0,0,1,0,94.22362040676414
,0,0,0,0,0,0,0,0,0,0,0,0,11.015135348666632
CWE-89,1,0,1,0,0,1,0,1,1,0,1,2,100.0
CWE-Unknown,0,0,0,0,0,0,0,0,0,0,0,0,11.015135348666632
CWE-79,1,0,0,0,0,0,0,0,0,0,0,0,11.015135348666632
CWE-Unknown,0,0,0,0,0,0,0,0,0,0,0,0,11.015135348666632
,0,0,0,0,0,0,0,0,0,0,0,0,11.015135348666632
CWE-259,1,0,0,1,0,1,0,0,0,0,1,0,96.39124868105131
CWE-703,1,0,0,4,4,0,0,0,0,0,4,0,93.1600250796771
,0,0,0,0,0,0,0,0,0,0,0,0,11.015135348666632
CWE-703,1,0,0,1,1,0,0,0,0,0,1,0,94.22362040676414
CWE-Unknown,0,0,0,0,0,0,0,0,0,0,0,0,11.015135348666632
CWE-89,1,0,0,0,0,0,0,0,0,0,0,0,11.015135348666632
rich/_wrap.py,0,0,0,0,0,0,0,0,0,0,0,0,11.015135348666632
rich/padding.py,0,0,0,0,0,0,0,0,0,0,0,0,11.015135348666632
,0,0,0,0,0,0,0,0,0,0,0,0,11.015135348666632
CWE-703,1,0,0,1,1,0,0,0,0,0,1,0,94.22362040676414
CWE-703,1,0,0,1,1,0,0,0,0,0,1,0,94.22362040676414
CWE-703,1,0,0,1,1,0,0,0,0,0,1,0,94.22362040676414
rich/color.py,0,0,0,15,15,0,0,0,0,0,15,0,37.5
CWE-703,1,0,0,2,2,0,0,0,0,0,2,0,89.95003017504536
CWE-259,1,0,0,1,0,1,0,0,0,0,1,0,96.39124868105131
,0,0,0,0,0,0,0,0,0,0,0,0,11.015135348666632
,0,0,0,0,0,0,0,0,0,0,0,0,11.015135348666632
CWE-Unknown,0,0,0,0,0,0,0,0,0,0,0,0,11.015135348666632
CWE-79,1,0,0,0,0,0,0,0,0,0,0,0,11.015135348666632
CWE-703,1,0,0,3,3,0,0,0,0,0,3,0,95.96586913694678
docs_src/options_autocompletion/tutorial007_py310.py,0,0,0,0,0,0,0,0,0,0,0,0,11.015135348666632
CWE-89,1,0,2,0,0,2,0,4,4,0,2,8,94.0
CWE-703,1,0,0,1,1,0,0,0,0,0,1,0,94.22362040676414
CWE-703,1,0,0,1,1,0,0,0,0,0,1,0,94.22362040676414
CWE-703,1,0,0,2,2,0,0,0,0,0,2,0,89.95003017504536
CWE-89,1,0,0,0,0,0,0,0,0,0,0,0,11.015135348666632
CWE-703,1,0,0,4,4,0,0,0,0,0,4,0,93.1600250796771
,0,0,0,0,0,0,0,0,0,0,0,0,11.015135348666632
CWE-Unknown,0,0,0,0,0,0,0,0,0,0,0,0,11.015135348666632
src/click/exceptions.py,0,0,0,0,0,0,0,0,0,0,0,0,11.015135348666632
CWE-703,1,0,0,3,3,0,0,0,0,0,3,0,95.96586913694678
CWE-703,1,0,0,7,7,0,0,0,0,0,7,0,100.0
CWE-703,1,0,0,9,9,0,0,0,0,0,9,0,100.0
,0,0,0,0,0,0,0,0,0,0,0,0,11.015135348666632
CWE-601_sonar_2.py,1,0,0,0,0,0,0,1,0,0,0,1,99.85
CWE-Unknown,0,0,0,0,0,0,0,0,0,0,0,0,11.015135348666632
CWE-703,1,0,0,2,2,0,0,0,0,0,2,0,89.95003017504536
CWE-502,1,0,1,0,1,0,0,0,2,0,1,2,100.0
CWE-703,1,0,0,1,1,0,0,0,0,0,1,0,94.22362040676414
CWE-703,1,0,0,1,1,0,0,0,0,0,1,0,94.22362040676414
CWE-703,1,0,0,7,7,0,0,0,0,0,7,0,100.0
CWE-502,1,0,1,0,1,0,0,0,1,0,1,1,86.10569430569429
UNKNOWN,0,0,0,0,0,0,0,0,0,0,0,0,11.015135348666632
,0,0,0,0,0,0,0,0,0,0,0,0,11.015135348666632
,0,0,0,0,0,0,0,0,0,0,0,0,11.015135348666632
CWE-78,1,6,0,0,6,0,0,6,0,0,6,6,96.72792207792207
,0,0,0,0,0,0,0,0,0,0,0,0,11.015135348666632
,0,0,0,0,0,0,0,0,0,0,0,0,11.015135348666632
CWE-259,1,0,0,1,0,1,0,0,0,0,1,0,96.39124868105131
"CWE-330, CWE-703",1,0,0,2,2,0,0,0,0,0,2,0,89.95003017504536
CWE-080_author_1.py,1,0,0,0,0,0,0,0,3,0,0,3,99.02651515151514
CWE-Unknown,0,0,0,0,0,0,0,0,0,0,0,0,11.015135348666632
,0,0,0,0,0,0,0,0,0,0,0,0,11.015135348666632
CWE-259,1,0,0,0,0,0,0,0,0,0,0,0,11.015135348666632
CWE-703,1,0,0,2,2,0,0,0,0,0,2,0,89.95003017504536
CWE-703,1,0,0,1,1,0,0,0,0,0,1,0,94.22362040676414
CWE-703,1,0,0,5,5,0,0,0,0,0,5,0,90.81244996320292
CWE-703,1,0,0,1,1,0,0,0,0,0,1,0,94.22362040676414
CWE-703,1,0,0,4,4,0,0,0,0,0,4,0,93.1600250796771
,0,0,0,0,0,0,0,0,0,0,0,0,11.015135348666632
rich/emoji.py,0,0,0,0,0,0,0,0,0,0,0,0,11.015135348666632
CWE-703,1,0,0,1,1,0,0,0,0,0,1,0,94.22362040676414
CWE-703,1,0,0,1,1,0,0,0,0,0,1,0,94.22362040676414
CWE-703,1,0,0,1,1,0,0,0,0,0,1,0,94.22362040676414
UNKNOWN,0,0,0,0,0,0,0,0,0,0,0,0,11.015135348666632
CWE-Unknown,0,0,0,0,0,0,0,0,0,0,0,0,11.015135348666632
CWE-Unknown,0,0,0,0,0,0,0,0,0,0,0,0,11.015135348666632
CWE-703,1,0,0,2,2,0,0,0,0,0,2,0,89.95003017504536
,0,0,0,0,0,0,0,0,0,0,0,0,11.015135348666632
examples/exception.py,0,0,0,0,0,0,0,0,0,0,0,0,11.015135348666632
CWE-703,1,0,0,1,1,0,0,0,0,0,1,0,94.22362040676414
typer/_completion_shared.py,0,0,8,4,4,0,8,0,0,0,12,0,31.590750622163664
CWE-703,1,0,0,1,1,0,0,0,0,0,1,0,94.22362040676414
CWE-703,1,0,0,2,2,0,0,0,0,0,2,0,89.95003017504536
CWE-703,1,0,0,3,3,0,0,0,0,0,3,0,95.96586913694678
CWE-89,1,0,0,0,0,0,0,0,0,0,0,0,11.015135348666632
CWE-703,1,0,0,5,5,0,0,0,0,0,5,0,90.81244996320292
,0,0,0,0,0,0,0,0,0,0,0,0,11.015135348666632
,0,0,0,0,0,0,0,0,0,0,0,0,11.015135348666632
CWE-703,1,0,0,1,1,0,0,0,0,0,1,0,94.22362040676414
,0,0,0,0,0,0,0,0,0,0,0,0,11.015135348666632
,0,0,0,0,0,0,0,0,0,0,0,0,11.015135348666632
CWE-Unknown,0,0,0,0,0,0,0,0,0,0,0,0,11.015135348666632
,0,0,0,0,0,0,0,0,1,0,0,1,54.31367174940416
CWE-Unknown,0,0,0,0,0,0,0,0,0,0,0,0,11.015135348666632
CWE-703,1,0,0,1,1,0,0,0,0,0,1,0,94.22362040676414
CWE-502_author_1.py,1,0,0,1,1,0,0,0,1,0,1,1,68.49986933250783
CWE-703,1,0,0,4,4,0,0,0,0,0,4,0,93.1600250796771
CWE-703,1,0,0,1,1,0,0,0,0,0,1,0,94.22362040676414
,0,0,0,0,0,0,0,0,0,0,0,0,11.015135348666632
,0,0,0,0,0,0,0,0,0,0,0,0,11.015135348666632
,0,0,0,0,0,0,0,0,0,0,0,0,11.015135348666632
CWE-Unknown,0,0,0,0,0,0,0,0,0,0,0,0,11.015135348666632
CWE-330,1,0,0,3,3,0,0,0,0,0,3,0,95.96586913694678
,0,0,0,0,0,0,0,0,0,0,0,0,11.015135348666632
rich/protocol.py,0,0,0,0,0,0,0,0,0,0,0,0,11.015135348666632
CWE-259,1,0,0,1,0,1,0,0,0,0,1,0,96.39124868105131
,0,0,0,0,0,0,0,0,0,0,0,0,11.015135348666632
CWE-94,1,0,5,0,5,0,0,0,5,0,5,5,59.28786482334869
CWE-703,1,0,0,1,1,0,0,0,0,0,1,0,94.22362040676414
CWE-079_sonar_1.py,1,0,0,0,0,0,0,0,1,0,0,1,54.31367174940416
CWE-703,1,0,0,2,2,0,0,0,0,0,2,0,89.95003017504536
CWE-703,1,0,0,0,0,0,0,0,0,0,0,0,11.015135348666632
CWE-703,1,0,0,2,2,0,0,0,0,0,2,0,89.95003017504536
CWE-Unknown,0,0,0,0,0,0,0,0,0,0,0,0,11.015135348666632
CWE-703,1,0,0,4,4,0,0,0,0,0,4,0,93.1600250796771
rich/_unicode_data/unicode11-0-0.py,0,0,0,0,0,0,0,0,0,0,0,0,11.015135348666632
CWE-116_author_1.py,1,1,1,0,1,1,0,3,0,0,2,3,93.0
CWE-703,1,0,0,1,1,0,0,0,0,0,1,0,94.22362040676414
,0,0,0,0,0,0,0,0,0,0,0,0,11.015135348666632
,0,0,0,0,0,0,0,0,0,0,0,0,11.015135348666632
,0,0,0,0,0,0,0,0,0,0,0,0,11.015135348666632
rich/_inspect.py,0,0,0,0,0,0,0,0,0,0,0,0,11.015135348666632
CWE-Unknown,0,0,0,0,0,0,0,0,0,0,0,0,11.015135348666632
CWE-20,1,0,0,0,0,0,0,0,0,0,0,0,11.015135348666632
CWE-Unknown,0,0,0,0,0,0,0,0,0,0,0,0,11.015135348666632
CWE-703,1,0,0,6,6,0,0,0,0,0,6,0,74.85788982259568
docs_src/options_autocompletion/tutorial005_an_py310.py,0,0,0,0,0,0,0,0,0,0,0,0,11.015135348666632
CWE-703,1,0,0,2,2,0,0,0,0,0,2,0,89.95003017504536
tests/assets/cli/multi_app.py,0,0,0,0,0,0,0,0,0,0,0,0,11.015135348666632
CWE-703,1,0,0,1,1,0,0,0,0,0,1,0,94.22362040676414
,0,0,0,0,0,0,0,0,0,0,0,0,11.015135348666632
CWE-703,1,0,0,3,3,0,0,0,0,0,3,0,95.96586913694678
,0,0,0,0,0,0,0,0,0,0,0,0,11.015135348666632
CWE-703,1,0,0,1,1,0,0,0,0,0,1,0,94.22362040676414
rich/_unicode_data/unicode6-3-0.py,0,0,0,0,0,0,0,0,0,0,0,0,11.015135348666632
CWE-703,1,0,0,1,1,0,0,0,0,0,1,0,94.22362040676414
CWE-703,1,0,0,2,2,0,0,0,0,0,2,0,89.95003017504536
CWE-200_author_1.py,1,0,1,0,0,0,1,1,0,0,1,1,66.7779761904762
,0,0,0,0,0,0,0,0,0,0,0,0,11.015135348666632
CWE-703,1,0,0,1,1,0,0,0,0,0,1,0,94.22362040676414
,0,0,0,0,0,0,0,0,0,0,0,0,11.015135348666632
CWE-703,1,0,0,2,2,0,0,0,0,0,2,0,89.95003017504536
docs_src/options_autocompletion/tutorial004_an_py310.py,0,0,0,0,0,0,0,0,0,0,0,0,11.015135348666632
CWE-Unknown,0,0,0,0,0,0,0,0,0,0,0,0,11.015135348666632
CWE-703,1,0,0,1,1,0,0,0,0,0,1,0,94.22362040676414
CWE-703,1,0,0,0,0,0,0,0,0,0,0,0,11.015135348666632
,0,0,0,0,0,0,0,0,0,0,0,0,11.015135348666632
,0,0,0,1,1,0,0,0,0,0,1,0,94.22362040676414
CWE-22,1,0,0,0,0,0,0,0,0,0,0,0,11.015135348666632
CWE-703,1,0,0,1,1,0,0,0,0,0,1,0,94.22362040676414
,0,0,0,0,0,0,0,0,0,0,0,0,11.015135348666632
CWE-703,1,0,0,3,3,0,0,0,0,0,3,0,95.96586913694678
rich/color_triplet.py,0,0,0,0,0,0,0,0,0,0,0,0,11.015135348666632
,0,0,0,0,0,0,0,0,0,0,0,0,11.015135348666632
,0,0,0,0,0,0,0,0,0,0,0,0,11.015135348666632
CWE-703,1,0,0,1,1,0,0,0,0,0,1,0,94.22362040676414
,0,0,0,0,0,0,0,0,0,0,0,0,11.015135348666632
CWE-330,1,0,0,1,1,0,0,0,0,0,1,0,94.22362040676414
CWE-Unknown,0,0,0,0,0,0,0,0,0,0,0,0,11.015135348666632
CWE-703,1,0,0,3,3,0,0,0,0,0,3,0,95.96586913694678
CWE-89,1,0,0,0,0,0,0,3,3,0,0,6,94.5
CWE-Unknown,0,0,0,0,0,0,0,0,0,0,0,0,11.015135348666632
,0,0,0,0,0,0,0,0,0,0,0,0,11.015135348666632
,0,0,0,0,0,0,0,0,0,0,0,0,11.015135348666632
,0,0,0,0,0,0,0,0,0,0,0,0,11.015135348666632
rich/_win32_console.py,0,0,0,3,3,0,0,0,0,0,3,0,95.96586913694678
CWE-Unknown,0,0,0,0,0,0,0,0,0,0,0,0,11.015135348666632
UNKNOWN,0,0,0,0,0,0,0,0,0,0,0,0,11.015135348666632
